id,sequence,label
B01_train_0,■ ■ ◆ ◆ ▲ ● ● ■,0
B01_train_1,▲ ■ ■ ◆ ◆ ● ◆ ◆,0
B01_train_2,■ ● ◆ ◆ ■ ■ ■ ■,0
B01_train_3,▲ ▲ ■ ▲ ■ ■ ● ■,0
B01_train_4,● ◆ ▲ ■ ■ ● ■ ▲,1
B01_train_5,◆ ● ▲ ■ ■ ■ ▲ ■,1
B01_train_6,● ■ ◆ ◆ ■ ◆ ▲ ▲,1
B01_train_7,● ▲ ● ■ ● ▲ ■ ●,1
B01_train_8,◆ ● ◆ ● ● ▲ ■ ●,0
B01_train_9,● ◆ ◆ ▲ ◆ ● ● ●,0
B01_train_10,◆ ◆ ◆ ◆ ● ◆ ● ◆,0
B01_train_11,▲ ■ ■ ▲ ● ◆ ■ ●,1
B01_train_12,▲ ◆ ◆ ■ ■ ▲ ● ●,1
B01_train_13,■ ● ◆ ◆ ▲ ● ■ ▲,1
B01_train_14,■ ■ ● ■ ▲ ● ● ●,0
B01_train_15,◆ ◆ ● ● ▲ ● ■ ■,0
B01_train_16,◆ ▲ ▲ ■ ● ● ■ ◆,1
B01_train_17,◆ ◆ ■ ▲ ● ◆ ◆ ▲,1
B01_train_18,◆ ■ ■ ■ ▲ ■ ● ■,0
B01_train_19,▲ ■ ● ● ▲ ● ● ●,1
B01_train_20,● ■ ■ ▲ ■ ■ ▲ ◆,1
B01_train_21,■ ● ■ ◆ ▲ ◆ ▲ ●,1
B01_train_22,● ▲ ◆ ■ ● ▲ ◆ ■,1
B01_train_23,● ● ■ ◆ ● ▲ ▲ ■,1
B01_train_24,■ ■ ■ ◆ ◆ ◆ ▲ ▲,1
B01_train_25,◆ ■ ● ◆ ■ ◆ ▲ ▲,1
B01_train_26,◆ ● ● ◆ ◆ ◆ ▲ ●,0
B01_train_27,■ ● ◆ ● ▲ ■ ◆ ■,0
B01_train_28,◆ ■ ◆ ▲ ▲ ■ ● ▲,0
B01_train_29,◆ ▲ ■ ◆ ◆ ▲ ■ ◆,1
B01_train_30,■ ● ■ ▲ ● ▲ ◆ ■,1
B01_train_31,▲ ■ ■ ● ▲ ▲ ● ◆,0
B01_train_32,◆ ◆ ▲ ● ● ◆ ■ ■,0
B01_train_33,● ● ▲ ◆ ▲ ▲ ■ ●,0
B01_train_34,● ■ ▲ ● ● ▲ ◆ ◆,1
B01_train_35,◆ ◆ ● ■ ◆ ● ▲ ▲,1
B01_train_36,▲ ● ▲ ◆ ◆ ◆ ■ ■,1
B01_train_37,◆ ▲ ■ ▲ ◆ ▲ ◆ ■,0
B01_train_38,● ■ ◆ ● ● ◆ ◆ ▲,0
B01_train_39,● ◆ ▲ ◆ ■ ▲ ● ◆,1
B01_train_40,▲ ▲ ■ ▲ ◆ ◆ ● ■,0
B01_train_41,● ▲ ◆ ◆ ◆ ■ ◆ ◆,0
B01_train_42,■ ■ ● ▲ ◆ ▲ ◆ ●,1
B01_train_43,▲ ■ ▲ ● ● ● ◆ ◆,1
B01_train_44,▲ ▲ ● ▲ ◆ ■ ● ▲,0
B01_train_45,◆ ● ▲ ■ ◆ ● ◆ ▲,1
B01_train_46,● ■ ● ■ ● ■ ● ▲,0
B01_train_47,● ▲ ▲ ▲ ■ ● ▲ ■,0
B01_train_48,◆ ◆ ▲ ■ ▲ ◆ ● ▲,0
B01_train_49,■ ● ● ● ▲ ▲ ● ◆,1
B01_train_50,▲ ◆ ■ ● ▲ ■ ◆ ◆,1
B01_train_51,■ ◆ ■ ■ ● ● ▲ ▲,1
B01_train_52,◆ ▲ ● ▲ ● ● ■ ■,1
B01_train_53,◆ ■ ■ ■ ▲ ■ ▲ ◆,1
B01_train_54,◆ ▲ ◆ ● ▲ ● ◆ ◆,1
B01_train_55,◆ ▲ ◆ ▲ ▲ ■ ▲ ●,0
B01_train_56,▲ ◆ ■ ◆ ◆ ◆ ■ ■,0
B01_train_57,■ ■ ■ ■ ● ◆ ■ ●,0
B01_train_58,▲ ▲ ◆ ▲ ■ ▲ ▲ ●,0
B01_train_59,▲ ● ● ● ■ ◆ ◆ ▲,1
B01_train_60,◆ ▲ ■ ■ ■ ■ ◆ ◆,0
B01_train_61,◆ ▲ ● ◆ ▲ ◆ ◆ ●,1
B01_train_62,● ■ ● ■ ◆ ■ ● ◆,0
B01_train_63,■ ● ◆ ● ■ ▲ ▲ ■,1
B01_train_64,■ ▲ ■ ◆ ■ ● ■ ▲,1
B01_train_65,■ ◆ ■ ■ ◆ ■ ▲ ▲,1
B01_train_66,● ■ ◆ ● ▲ ▲ ■ ●,1
B01_train_67,■ ■ ■ ● ■ ◆ ■ ■,0
B01_train_68,■ ■ ◆ ◆ ◆ ▲ ● ◆,0
B01_train_69,◆ ▲ ◆ ◆ ■ ● ■ ●,0
B01_train_70,● ■ ● ■ ■ ▲ ▲ ●,1
B01_train_71,◆ ● ◆ ● ● ● ● ▲,0
B01_train_72,◆ ▲ ■ ● ▲ ■ ● ●,1
B01_train_73,● ■ ◆ ● ▲ ■ ■ ▲,1
B01_train_74,◆ ■ ▲ ◆ ▲ ● ■ ■,1
B01_train_75,▲ ● ▲ ● ● ■ ■ ◆,1
B01_train_76,◆ ● ◆ ● ◆ ■ ● ▲,0
B01_train_77,■ ◆ ● ▲ ▲ ● ◆ ▲,0
B01_train_78,■ ▲ ● ● ▲ ● ◆ ◆,1
B01_train_79,● ● ◆ ◆ ▲ ▲ ● ◆,1
B01_train_80,● ◆ ▲ ■ ▲ ● ▲ ◆,0
B01_train_81,● ■ ◆ ▲ ■ ● ● ▲,1
B01_train_82,■ ● ▲ ● ■ ▲ ■ ●,1
B01_train_83,● ■ ● ■ ▲ ● ■ ●,0
B01_train_84,● ▲ ▲ ● ▲ ● ● ●,0
B01_train_85,■ ● ▲ ■ ▲ ■ ◆ ◆,1
B01_train_86,● ▲ ● ◆ ◆ ◆ ▲ ■,1
B01_train_87,▲ ■ ● ▲ ● ■ ◆ ●,1
B01_train_88,■ ◆ ■ ● ▲ ◆ ▲ ◆,1
B01_train_89,● ● ● ◆ ▲ ● ◆ ■,0
B01_train_90,◆ ▲ ▲ ◆ ▲ ● ◆ ●,0
B01_train_91,● ▲ ▲ ● ■ ◆ ◆ ▲,0
B01_train_92,◆ ● ▲ ● ■ ◆ ● ■,0
B01_train_93,◆ ▲ ▲ ■ ▲ ◆ ▲ ◆,0
B01_train_94,● ◆ ◆ ▲ ◆ ◆ ■ ●,0
B01_train_95,◆ ● ▲ ▲ ● ● ▲ ●,0
B01_train_96,■ ■ ▲ ● ■ ● ◆ ◆,0
B01_train_97,● ◆ ● ▲ ▲ ◆ ■ ■,1
B01_train_98,◆ ▲ ● ● ■ ◆ ▲ ◆,1
B01_train_99,■ ◆ ■ ● ▲ ■ ◆ ▲,1
B01_train_100,■ ● ■ ◆ ■ ▲ ■ ▲,1
B01_train_101,◆ ● ● ● ▲ ■ ■ ▲,1
B01_train_102,◆ ● ◆ ▲ ▲ ▲ ◆ ▲,0
B01_train_103,■ ● ◆ ■ ■ ▲ ▲ ●,1
B01_train_104,● ◆ ▲ ● ■ ▲ ◆ ●,1
B01_train_105,◆ ■ ▲ ◆ ■ ▲ ◆ ▲,0
B01_train_106,■ ▲ ● ● ▲ ◆ ● ●,1
B01_train_107,▲ ● ▲ ▲ ■ ◆ ● ▲,0
B01_train_108,◆ ▲ ■ ◆ ■ ▲ ◆ ■,1
B01_train_109,● ■ ■ ◆ ● ▲ ◆ ◆,0
B01_train_110,▲ ■ ■ ● ▲ ● ■ ●,1
B01_train_111,● ▲ ● ● ◆ ■ ▲ ◆,1
B01_train_112,■ ▲ ▲ ● ◆ ▲ ● ◆,0
B01_train_113,■ ▲ ◆ ▲ ● ■ ● ■,1
B01_train_114,▲ ● ▲ ● ◆ ■ ● ■,1
B01_train_115,■ ◆ ▲ ▲ ◆ ■ ■ ◆,1
B01_train_116,◆ ◆ ▲ ◆ ● ▲ ● ■,1
B01_train_117,■ ◆ ◆ ■ ● ◆ ▲ ●,0
B01_train_118,■ ▲ ● ■ ▲ ● ▲ ●,0
B01_train_119,◆ ■ ▲ ◆ ■ ◆ ▲ ●,1
B01_train_120,◆ ◆ ◆ ◆ ◆ ▲ ▲ ●,1
B01_train_121,◆ ■ ◆ ● ● ▲ ■ ■,0
B01_train_122,◆ ◆ ● ● ● ▲ ◆ ▲,1
B01_train_123,■ ● ▲ ▲ ◆ ● ■ ◆,1
B01_train_124,◆ ◆ ■ ■ ▲ ■ ◆ ■,0
B01_train_125,● ■ ■ ▲ ■ ▲ ■ ■,1
B01_train_126,● ■ ● ■ ▲ ● ● ▲,1
B01_train_127,■ ▲ ■ ● ◆ ▲ ■ ■,1
B01_train_128,■ ▲ ▲ ■ ■ ▲ ◆ ▲,0
B01_train_129,▲ ■ ▲ ▲ ● ◆ ■ ■,0
B01_train_130,▲ ▲ ■ ■ ▲ ▲ ● ●,0
B01_train_131,■ ◆ ● ▲ ▲ ● ▲ ■,0
B01_train_132,■ ◆ ▲ ● ◆ ▲ ◆ ◆,1
B01_train_133,▲ ● ■ ■ ● ◆ ◆ ▲,1
B01_train_134,■ ◆ ● ▲ ▲ ● ▲ ◆,0
B01_train_135,● ● ■ ▲ ◆ ■ ▲ ●,1
B01_train_136,● ■ ■ ▲ ▲ ▲ ◆ ●,0
B01_train_137,▲ ▲ ◆ ● ■ ◆ ● ▲,0
B01_train_138,▲ ▲ ■ ◆ ● ◆ ■ ●,1
B01_train_139,● ● ◆ ▲ ● ▲ ■ ■,1
B01_train_140,▲ ● ● ▲ ■ ● ▲ ●,0
B01_train_141,■ ▲ ● ■ ▲ ■ ● ◆,1
B01_train_142,▲ ▲ ▲ ● ● ■ ▲ ◆,0
B01_train_143,▲ ● ▲ ● ● ■ ▲ ▲,0
B01_train_144,◆ ▲ ■ ● ▲ ● ● ▲,0
B01_train_145,◆ ◆ ■ ◆ ◆ ▲ ▲ ■,1
B01_train_146,◆ ● ◆ ■ ▲ ▲ ■ ▲,0
B01_train_147,● ▲ ■ ◆ ● ▲ ▲ ●,0
B01_train_148,▲ ● ▲ ◆ ● ◆ ▲ ●,0
B01_train_149,◆ ▲ ◆ ● ▲ ▲ ■ ◆,0
B01_train_150,● ▲ ● ▲ ● ▲ ● ■,0
B01_train_151,▲ ● ▲ ◆ ■ ▲ ■ ●,0
B01_train_152,■ ■ ◆ ◆ ◆ ● ■ ▲,0
B01_train_153,● ◆ ■ ● ▲ ■ ▲ ●,1
B01_train_154,● ● ■ ■ ● ● ▲ ■,0
B01_train_155,▲ ■ ■ ■ ◆ ● ▲ ◆,1
B01_train_156,◆ ● ▲ ■ ■ ▲ ◆ ●,1
B01_train_157,◆ ▲ ● ● ▲ ● ● ◆,1
B01_train_158,● ■ ◆ ■ ▲ ● ▲ ◆,1
B01_train_159,● ■ ▲ ● ■ ● ▲ ◆,1
B01_train_160,▲ ◆ ▲ ◆ ◆ ■ ▲ ■,0
B01_train_161,▲ ▲ ▲ ▲ ■ ■ ▲ ▲,0
B01_train_162,● ▲ ■ ● ◆ ▲ ■ ■,1
B01_train_163,▲ ● ◆ ● ◆ ▲ ■ ●,1
B01_train_164,■ ▲ ▲ ▲ ■ ▲ ■ ◆,0
B01_train_165,● ◆ ● ◆ ■ ◆ ● ■,0
B01_train_166,▲ ● ■ ● ▲ ▲ ▲ ▲,0
B01_train_167,■ ■ ▲ ■ ■ ■ ◆ ▲,1
B01_train_168,● ■ ◆ ■ ● ▲ ■ ●,0
B01_train_169,■ ▲ ▲ ● ■ ■ ■ ▲,0
B01_train_170,◆ ● ■ ▲ ● ● ▲ ◆,1
B01_train_171,▲ ◆ ● ◆ ● ▲ ■ ◆,1
B01_train_172,■ ■ ■ ◆ ■ ◆ ■ ●,0
B01_train_173,● ■ ▲ ■ ● ◆ ◆ ■,0
B01_train_174,▲ ● ◆ ▲ ● ● ■ ■,1
B01_train_175,◆ ■ ◆ ■ ▲ ■ ▲ ◆,1
B01_train_176,■ ◆ ▲ ▲ ● ■ ■ ◆,1
B01_train_177,▲ ▲ ▲ ▲ ▲ ■ ● ●,0
B01_train_178,▲ ■ ● ◆ ▲ ■ ◆ ◆,1
B01_train_179,● ▲ ◆ ◆ ● ● ▲ ◆,1
B01_train_180,▲ ● ■ ● ▲ ▲ ▲ ▲,0
B01_train_181,■ ◆ ▲ ▲ ● ■ ■ ◆,1
B01_train_182,● ■ ◆ ● ▲ ■ ▲ ■,1
B01_train_183,● ● ▲ ▲ ■ ▲ ◆ ▲,0
B01_train_184,◆ ● ■ ● ◆ ■ ◆ ■,0
B01_train_185,■ ◆ ● ▲ ■ ■ ▲ ●,1
B01_train_186,● ▲ ◆ ▲ ◆ ● ▲ ●,0
B01_train_187,▲ ■ ◆ ▲ ■ ▲ ◆ ▲,0
B01_train_188,▲ ● ■ ■ ● ▲ ● ◆,1
B01_train_189,▲ ◆ ● ▲ ◆ ■ ◆ ●,1
B01_train_190,■ ● ▲ ▲ ■ ◆ ■ ■,1
B01_train_191,● ■ ▲ ■ ● ▲ ● ◆,1
B01_train_192,● ■ ◆ ◆ ■ ▲ ■ ■,0
B01_train_193,◆ ● ◆ ■ ▲ ◆ ◆ ◆,0
B01_train_194,■ ■ ● ● ◆ ◆ ◆ ▲,0
B01_train_195,● ◆ ■ ◆ ● ◆ ▲ ■,0
B01_train_196,■ ◆ ● ▲ ◆ ● ● ◆,0
B01_train_197,▲ ■ ● ● ▲ ◆ ● ◆,1
B01_train_198,■ ■ ▲ ▲ ◆ ■ ■ ▲,0
B01_train_199,◆ ▲ ● ● ◆ ◆ ◆ ●,0
B01_train_200,◆ ● ◆ ● ■ ● ▲ ●,0
B01_train_201,● ■ ▲ ■ ■ ● ◆ ●,0
B01_train_202,■ ■ ● ▲ ◆ ■ ● ▲,1
B01_train_203,● ◆ ◆ ■ ▲ ▲ ● ▲,0
B01_train_204,◆ ● ◆ ■ ◆ ● ▲ ■,0
B01_train_205,■ ◆ ■ ● ◆ ◆ ▲ ▲,1
B01_train_206,▲ ■ ■ ▲ ■ ● ■ ■,1
B01_train_207,■ ■ ▲ ● ▲ ▲ ● ▲,0
B01_train_208,▲ ● ■ ● ◆ ◆ ■ ▲,1
B01_train_209,▲ ▲ ■ ● ◆ ■ ▲ ▲,0
B01_train_210,● ▲ ◆ ◆ ■ ◆ ◆ ■,0
B01_train_211,▲ ■ ■ ■ ◆ ■ ■ ●,0
B01_train_212,◆ ■ ● ● ■ ■ ◆ ▲,0
B01_train_213,◆ ● ● ◆ ◆ ▲ ● ◆,0
B01_train_214,◆ ● ■ ◆ ▲ ▲ ● ▲,0
B01_train_215,◆ ▲ ● ■ ◆ ◆ ▲ ■,1
B01_train_216,▲ ▲ ● ◆ ▲ ▲ ■ ●,0
B01_train_217,◆ ■ ◆ ● ▲ ● ■ ◆,0
B01_train_218,▲ ■ ■ ◆ ▲ ● ◆ ◆,1
B01_train_219,■ ▲ ▲ ▲ ◆ ● ● ▲,0
B01_train_220,● ■ ▲ ▲ ● ● ▲ ■,0
B01_train_221,▲ ● ● ▲ ■ ▲ ● ●,0
B01_train_222,■ ▲ ● ■ ◆ ▲ ■ ●,1
B01_train_223,■ ▲ ■ ■ ▲ ● ● ■,1
B01_train_224,● ● ● ● ● ▲ ▲ ■,1
B01_train_225,◆ ◆ ■ ▲ ▲ ● ● ▲,0
B01_train_226,◆ ▲ ▲ ■ ● ▲ ■ ◆,0
B01_train_227,▲ ◆ ● ▲ ● ◆ ■ ■,1
B01_train_228,▲ ◆ ▲ ■ ■ ■ ▲ ●,0
B01_train_229,● ▲ ▲ ■ ● ▲ ◆ ■,0
B01_train_230,▲ ▲ ● ● ■ ● ● ■,1
B01_train_231,▲ ◆ ▲ ■ ■ ■ ▲ ▲,0
B01_train_232,▲ ● ● ▲ ◆ ● ◆ ◆,1
B01_train_233,◆ ▲ ■ ▲ ■ ■ ● ▲,0
B01_train_234,■ ● ■ ■ ■ ◆ ● ▲,0
B01_train_235,● ▲ ◆ ◆ ■ ▲ ● ▲,0
B01_train_236,▲ ◆ ▲ ◆ ◆ ▲ ● ■,0
B01_train_237,● ● ■ ■ ■ ▲ ◆ ■,0
B01_train_238,■ ■ ● ■ ◆ ▲ ■ ■,0
B01_train_239,▲ ■ ● ■ ● ■ ◆ ▲,1
B01_train_240,● ◆ ■ ▲ ● ▲ ◆ ▲,0
B01_train_241,▲ ▲ ■ ● ▲ ● ■ ▲,0
B01_train_242,▲ ◆ ■ ◆ ■ ◆ ▲ ▲,0
B01_train_243,▲ ◆ ◆ ■ ▲ ◆ ◆ ■,1
B01_train_244,● ● ● ▲ ◆ ▲ ● ◆,1
B01_train_245,◆ ■ ● ● ▲ ● ■ ▲,1
B01_train_246,◆ ▲ ◆ ● ◆ ■ ● ◆,0
B01_train_247,■ ■ ◆ ■ ● ▲ ● ▲,1
B01_train_248,■ ◆ ◆ ◆ ■ ■ ● ●,0
B01_train_249,● ● ▲ ■ ■ ▲ ■ ◆,1
B01_train_250,■ ■ ◆ ◆ ◆ ▲ ▲ ▲,0
B01_train_251,■ ◆ ■ ■ ▲ ▲ ● ●,1
B01_train_252,◆ ● ■ ■ ▲ ■ ▲ ■,1
B01_train_253,▲ ■ ■ ◆ ◆ ■ ● ▲,1
B01_train_254,■ ■ ▲ ● ◆ ● ■ ▲,1
B01_train_255,◆ ■ ◆ ● ▲ ◆ ■ ▲,1
B01_train_256,◆ ■ ● ● ■ ▲ ● ▲,1
B01_train_257,● ● ● ● ● ◆ ▲ ◆,0
B01_train_258,● ▲ ● ■ ▲ ▲ ■ ■,0
B01_train_259,■ ■ ● ● ◆ ▲ ● ■,0
B01_train_260,● ■ ◆ ▲ ■ ■ ◆ ●,0
B01_train_261,▲ ▲ ◆ ◆ ■ ■ ◆ ●,1
B01_train_262,▲ ● ■ ◆ ▲ ● ▲ ▲,0
B01_train_263,◆ ◆ ● ▲ ■ ◆ ▲ ◆,1
B01_train_264,◆ ▲ ■ ● ▲ ■ ◆ ■,1
B01_train_265,◆ ▲ ▲ ◆ ● ● ■ ■,1
B01_train_266,● ● ▲ ◆ ◆ ▲ ■ ▲,0
B01_train_267,● ▲ ● ▲ ▲ ▲ ■ ●,0
B01_train_268,◆ ■ ● ▲ ● ▲ ■ ◆,1
B01_train_269,▲ ◆ ■ ■ ◆ ■ ● ◆,0
B01_train_270,■ ■ ■ ● ● ◆ ▲ ■,0
B01_train_271,▲ ▲ ■ ■ ■ ● ● ◆,1
B01_train_272,● ■ ● ● ■ ▲ ◆ ■,0
B01_train_273,◆ ▲ ■ ▲ ■ ● ● ●,1
B01_train_274,● ■ ▲ ● ◆ ● ▲ ◆,1
B01_train_275,■ ▲ ● ◆ ◆ ■ ▲ ■,1
B01_train_276,◆ ▲ ▲ ▲ ● ● ● ◆,0
B01_train_277,● ▲ ● ▲ ■ ◆ ■ ◆,1
B01_train_278,■ ◆ ◆ ▲ ■ ■ ■ ■,0
B01_train_279,▲ ● ● ◆ ▲ ◆ ■ ●,1
B01_train_280,● ■ ■ ▲ ◆ ◆ ■ ▲,1
B01_train_281,▲ ▲ ■ ■ ● ◆ ▲ ◆,0
B01_train_282,■ ▲ ▲ ● ◆ ● ◆ ■,1
B01_train_283,◆ ◆ ■ ■ ▲ ■ ● ▲,1
B01_train_284,▲ ▲ ▲ ● ◆ ■ ◆ ■,0
B01_train_285,▲ ● ◆ ◆ ● ◆ ◆ ▲,1
B01_train_286,▲ ▲ ● ● ● ◆ ■ ■,1
B01_train_287,▲ ◆ ◆ ■ ■ ▲ ■ ●,1
B01_train_288,◆ ● ● ● ◆ ◆ ▲ ▲,1
B01_train_289,● ◆ ● ▲ ▲ ◆ ● ■,1
B01_train_290,■ ◆ ▲ ◆ ▲ ◆ ● ■,1
B01_train_291,▲ ◆ ▲ ◆ ■ ● ■ ●,1
B01_train_292,◆ ▲ ■ ■ ● ● ◆ ▲,1
B01_train_293,▲ ◆ ■ ■ ◆ ▲ ■ ■,1
B01_train_294,■ ● ▲ ◆ ● ◆ ● ◆,0
B01_train_295,■ ■ ● ● ■ ◆ ■ ▲,0
B01_train_296,■ ▲ ▲ ◆ ▲ ● ● ■,0
B01_train_297,■ ◆ ■ ■ ▲ ● ▲ ●,1
B01_train_298,■ ◆ ▲ ▲ ▲ ■ ■ ◆,0
B01_train_299,● ◆ ● ■ ● ◆ ◆ ◆,0
B01_train_300,◆ ◆ ■ ◆ ● ▲ ■ ▲,1
B01_train_301,◆ ● ■ ▲ ■ ● ▲ ▲,0
B01_train_302,◆ ◆ ■ ■ ■ ◆ ● ●,0
B01_train_303,◆ ■ ● ■ ▲ ◆ ■ ●,0
B01_train_304,◆ ◆ ● ■ ■ ◆ ▲ ●,0
B01_train_305,● ◆ ◆ ▲ ● ● ◆ ■,0
B01_train_306,◆ ▲ ◆ ◆ ▲ ■ ◆ ▲,0
B01_train_307,◆ ▲ ◆ ◆ ▲ ■ ■ ◆,1
B01_train_308,■ ◆ ● ■ ▲ ■ ◆ ◆,0
B01_train_309,● ● ▲ ◆ ▲ ◆ ▲ ◆,0
B01_train_310,◆ ● ◆ ◆ ● ▲ ◆ ▲,1
B01_train_311,◆ ● ◆ ◆ ■ ◆ ● ■,0
B01_train_312,● ◆ ◆ ■ ◆ ◆ ■ ▲,0
B01_train_313,● ▲ ■ ■ ● ◆ ■ ■,0
B01_train_314,● ◆ ● ● ◆ ▲ ● ●,0
B01_train_315,■ ● ◆ ◆ ▲ ● ◆ ▲,1
B01_train_316,◆ ● ● ● ● ▲ ▲ ●,1
B01_train_317,■ ■ ▲ ◆ ■ ● ■ ●,0
B01_train_318,■ ■ ▲ ◆ ● ■ ● ■,0
B01_train_319,● ■ ● ■ ▲ ■ ◆ ●,0
B01_train_320,● ■ ■ ■ ▲ ▲ ◆ ■,1
B01_train_321,▲ ◆ ▲ ◆ ◆ ◆ ◆ ◆,1
B01_train_322,◆ ◆ ■ ● ◆ ● ▲ ◆,0
B01_train_323,● ◆ ■ ■ ◆ ● ● ●,0
B01_train_324,◆ ● ■ ● ▲ ◆ ◆ ▲,1
B01_train_325,▲ ● ● ◆ ▲ ● ◆ ▲,0
B01_train_326,◆ ◆ ● ■ ◆ ■ ◆ ◆,0
B01_train_327,▲ ■ ▲ ● ● ◆ ◆ ▲,0
B01_train_328,◆ ● ◆ ▲ ◆ ◆ ● ■,0
B01_train_329,▲ ◆ ▲ ● ■ ◆ ● ●,1
B01_train_330,■ ◆ ■ ◆ ● ● ● ▲,0
B01_train_331,◆ ▲ ◆ ◆ ▲ ■ ● ■,1
B01_train_332,● ◆ ■ ■ ◆ ● ▲ ▲,1
B01_train_333,▲ ■ ● ■ ■ ▲ ◆ ◆,1
B01_train_334,▲ ◆ ◆ ● ● ◆ ▲ ●,1
B01_train_335,● ▲ ● ■ ■ ● ● ◆,0
B01_train_336,◆ ● ■ ■ ● ▲ ▲ ■,1
B01_train_337,● ◆ ● ▲ ● ● ◆ ■,0
B01_train_338,◆ ◆ ▲ ◆ ▲ ▲ ■ ◆,0
B01_train_339,● ▲ ■ ● ▲ ▲ ● ◆,0
B01_train_340,▲ ● ■ ▲ ■ ◆ ◆ ◆,1
B01_train_341,◆ ◆ ● ■ ■ ● ◆ ◆,0
B01_train_342,● ● ◆ ◆ ■ ▲ ■ ◆,0
B01_train_343,◆ ◆ ● ▲ ■ ■ ● ■,0
B01_train_344,● ■ ▲ ■ ■ ■ ◆ ■,0
B01_train_345,■ ▲ ■ ◆ ● ■ ▲ ■,1
B01_train_346,■ ● ◆ ■ ◆ ● ● ■,0
B01_train_347,▲ ◆ ● ◆ ▲ ● ▲ ▲,0
B01_train_348,■ ● ● ● ● ■ ▲ ▲,1
B01_train_349,● ▲ ◆ ◆ ● ◆ ● ▲,1
B01_train_350,● ● ◆ ◆ ◆ ◆ ◆ ■,0
B01_train_351,◆ ▲ ◆ ■ ● ◆ ▲ ●,1
B01_train_352,● ◆ ■ ◆ ■ ■ ● ◆,0
B01_train_353,▲ ■ ◆ ◆ ▲ ▲ ◆ ●,0
B01_train_354,■ ◆ ● ■ ● ■ ▲ ●,0
B01_train_355,◆ ◆ ◆ ■ ▲ ◆ ■ ●,0
B01_train_356,■ ■ ● ▲ ◆ ■ ▲ ■,1
B01_train_357,■ ■ ● ● ● ▲ ● ■,0
B01_train_358,■ ◆ ● ■ ● ■ ▲ ▲,1
B01_train_359,● ■ ▲ ● ● ◆ ■ ■,0
B01_train_360,● ■ ● ■ ● ▲ ▲ ■,1
B01_train_361,■ ▲ ◆ ■ ■ ■ ▲ ▲,0
B01_train_362,◆ ● ● ▲ ■ ▲ ■ ◆,1
B01_train_363,● ▲ ◆ ■ ● ■ ▲ ◆,1
B01_train_364,■ ■ ■ ■ ◆ ▲ ◆ ▲,1
B01_train_365,● ▲ ◆ ● ▲ ◆ ■ ■,1
B01_train_366,● ▲ ● ■ ▲ ◆ ◆ ●,1
B01_train_367,▲ ◆ ▲ ● ■ ■ ◆ ■,1
B01_train_368,● ▲ ● ▲ ▲ ● ■ ◆,0
B01_train_369,▲ ■ ◆ ▲ ■ ▲ ▲ ●,0
B01_train_370,● ● ■ ◆ ◆ ◆ ■ ◆,0
B01_train_371,◆ ■ ● ● ▲ ● ● ●,0
B01_train_372,▲ ◆ ● ◆ ■ ● ■ ▲,1
B01_train_373,◆ ● ◆ ◆ ◆ ■ ▲ ●,0
B01_train_374,◆ ◆ ◆ ▲ ◆ ■ ◆ ◆,0
B01_train_375,● ▲ ■ ■ ■ ◆ ● ▲,1
B01_train_376,● ● ▲ ◆ ▲ ▲ ● ●,0
B01_train_377,■ ● ● ◆ ▲ ▲ ■ ●,1
B01_train_378,● ▲ ■ ◆ ■ ● ● ▲,1
B01_train_379,● ▲ ◆ ● ▲ ◆ ■ ●,1
B01_train_380,◆ ● ◆ ● ◆ ■ ● ▲,0
B01_train_381,● ■ ◆ ◆ ● ● ▲ ▲,1
B01_train_382,▲ ▲ ■ ● ▲ ▲ ▲ ■,0
B01_train_383,■ ● ■ ● ◆ ● ▲ ◆,0
B01_train_384,◆ ■ ◆ ● ▲ ● ● ▲,1
B01_train_385,● ◆ ◆ ◆ ● ● ◆ ■,0
B01_train_386,◆ ◆ ▲ ▲ ● ■ ◆ ●,1
B01_train_387,◆ ● ● ● ◆ ● ● ●,0
B01_train_388,● ● ▲ ▲ ▲ ◆ ▲ ●,0
B01_train_389,■ ◆ ■ ■ ◆ ▲ ● ▲,1
B01_train_390,■ ● ● ▲ ▲ ■ ■ ●,1
B01_train_391,● ▲ ● ■ ▲ ▲ ■ ■,0
B01_train_392,▲ ● ▲ ▲ ▲ ▲ ▲ ▲,0
B01_train_393,■ ▲ ◆ ▲ ● ● ● ◆,1
B01_train_394,■ ▲ ● ● ▲ ● ● ◆,1
B01_train_395,■ ● ▲ ◆ ◆ ▲ ◆ ◆,1
B01_train_396,● ● ● ■ ◆ ■ ● ●,0
B01_train_397,◆ ● ● ◆ ● ◆ ■ ●,0
B01_train_398,▲ ◆ ● ● ◆ ◆ ▲ ■,1
B01_train_399,▲ ■ ■ ■ ◆ ▲ ■ ■,1
B01_train_400,● ● ● ◆ ▲ ◆ ■ ■,0
B01_train_401,▲ ● ■ ▲ ● ▲ ◆ ◆,0
B01_train_402,◆ ● ■ ● ▲ ● ▲ ■,1
B01_train_403,■ ▲ ● ▲ ● ■ ■ ●,1
B01_train_404,● ■ ■ ◆ ▲ ▲ ■ ●,1
B01_train_405,■ ● ◆ ▲ ● ▲ ◆ ●,1
B01_train_406,◆ ● ◆ ● ▲ ▲ ◆ ●,1
B01_train_407,● ■ ■ ● ◆ ◆ ● ▲,0
B01_train_408,● ■ ■ ■ ■ ■ ■ ▲,0
B01_train_409,▲ ● ◆ ■ ▲ ● ● ◆,1
B01_train_410,◆ ● ◆ ▲ ▲ ▲ ▲ ▲,0
B01_train_411,▲ ● ▲ ◆ ▲ ◆ ▲ ▲,0
B01_train_412,■ ▲ ◆ ■ ◆ ▲ ■ ◆,1
B01_train_413,● ● ■ ▲ ◆ ▲ ◆ ■,1
B01_train_414,● ◆ ■ ● ▲ ▲ ■ ■,1
B01_train_415,■ ■ ■ ● ▲ ◆ ▲ ●,1
B01_train_416,◆ ■ ■ ● ■ ● ■ ■,0
B01_train_417,▲ ◆ ▲ ▲ ◆ ▲ ◆ ◆,0
B01_train_418,▲ ■ ■ ▲ ▲ ◆ ▲ ◆,0
B01_train_419,■ ▲ ● ▲ ■ ◆ ▲ ◆,0
B01_train_420,▲ ▲ ■ ● ▲ ● ● ●,0
B01_train_421,■ ■ ▲ ● ▲ ▲ ◆ ●,0
B01_train_422,■ ● ◆ ▲ ▲ ■ ◆ ■,1
B01_train_423,● ■ ◆ ◆ ■ ◆ ▲ ■,0
B01_train_424,● ■ ▲ ◆ ▲ ◆ ■ ●,1
B01_train_425,● ▲ ▲ ◆ ■ ■ ● ●,1
B01_train_426,■ ◆ ▲ ▲ ■ ◆ ◆ ▲,0
B01_train_427,● ■ ■ ● ▲ ◆ ◆ ▲,1
B01_train_428,■ ▲ ● ● ● ● ◆ ▲,1
B01_train_429,■ ▲ ▲ ▲ ■ ■ ◆ ◆,0
B01_train_430,◆ ■ ◆ ▲ ▲ ▲ ◆ ◆,0
B01_train_431,■ ◆ ■ ▲ ● ■ ● ▲,1
B01_train_432,◆ ▲ ■ ● ■ ■ ◆ ▲,1
B01_train_433,◆ ◆ ◆ ● ■ ◆ ■ ◆,0
B01_train_434,■ ◆ ■ ■ ■ ■ ■ ■,0
B01_train_435,◆ ▲ ● ● ● ■ ● ▲,1
B01_train_436,▲ ■ ■ ● ◆ ● ■ ●,0
B01_train_437,◆ ◆ ▲ ■ ▲ ◆ ■ ●,1
B01_train_438,◆ ◆ ◆ ▲ ▲ ◆ ◆ ◆,1
B01_train_439,■ ■ ■ ■ ◆ ▲ ● ●,0
B01_train_440,● ■ ◆ ▲ ▲ ◆ ◆ ●,1
B01_train_441,▲ ▲ ■ ■ ◆ ● ● ▲,0
B01_train_442,■ ■ ■ ● ▲ ◆ ■ ●,0
B01_train_443,● ● ■ ▲ ● ● ● ▲,1
B01_train_444,● ▲ ◆ ■ ◆ ■ ● ●,0
B01_train_445,● ■ ● ◆ ▲ ▲ ■ ▲,0
B01_train_446,▲ ▲ ■ ● ◆ ■ ▲ ▲,0
B01_train_447,▲ ● ■ ■ ● ● ● ▲,1
B01_train_448,◆ ◆ ◆ ● ■ ▲ ● ◆,0
B01_train_449,◆ ■ ■ ◆ ▲ ▲ ◆ ▲,0
B01_train_450,◆ ● ■ ● ■ ■ ▲ ■,0
B01_train_451,● ▲ ● ◆ ◆ ◆ ● ▲,1
B01_train_452,● ◆ ◆ ▲ ■ ● ● ▲,1
B01_train_453,■ ● ◆ ■ ● ● ◆ ■,0
B01_train_454,◆ ◆ ● ■ ◆ ▲ ▲ ■,1
B01_train_455,▲ ■ ● ■ ◆ ▲ ◆ ■,1
B01_train_456,■ ▲ ● ■ ▲ ◆ ● ■,1
B01_train_457,■ ◆ ● ▲ ● ◆ ■ ●,0
B01_train_458,▲ ■ ● ● ● ▲ ■ ■,1
B01_train_459,● ■ ▲ ● ■ ● ■ ▲,1
B01_train_460,■ ◆ ◆ ▲ ◆ ▲ ◆ ■,1
B01_train_461,■ ■ ● ■ ◆ ■ ■ ◆,0
B01_train_462,◆ ▲ ■ ◆ ▲ ■ ● ●,1
B01_train_463,◆ ● ● ▲ ▲ ■ ◆ ●,1
B01_train_464,■ ▲ ▲ ▲ ▲ ◆ ▲ ●,0
B01_train_465,● ● ◆ ▲ ◆ ■ ■ ■,0
B01_train_466,■ ▲ ■ ◆ ◆ ◆ ◆ ◆,0
B01_train_467,● ◆ ◆ ■ ◆ ▲ ■ ▲,1
B01_train_468,■ ■ ▲ ▲ ■ ● ■ ●,1
B01_train_469,▲ ◆ ● ■ ■ ▲ ● ◆,1
B01_train_470,■ ● ▲ ◆ ■ ● ▲ ●,1
B01_train_471,▲ ▲ ▲ ▲ ▲ ◆ ◆ ●,0
B01_train_472,■ ◆ ■ ◆ ▲ ● ■ ▲,1
B01_train_473,■ ◆ ● ◆ ● ● ◆ ▲,0
B01_train_474,▲ ▲ ◆ ◆ ● ◆ ■ ◆,1
B01_train_475,■ ■ ◆ ■ ■ ● ◆ ●,0
B01_train_476,◆ ● ■ ● ▲ ◆ ◆ ▲,1
B01_train_477,■ ◆ ● ● ▲ ▲ ◆ ◆,1
B01_train_478,▲ ■ ■ ▲ ◆ ● ◆ ◆,1
B01_train_479,● ▲ ● ■ ▲ ■ ◆ ◆,1
B01_train_480,● ▲ ▲ ● ◆ ◆ ● ▲,0
B01_train_481,▲ ■ ● ▲ ◆ ▲ ● ●,0
B01_train_482,▲ ▲ ■ ◆ ● ■ ▲ ■,0
B01_train_483,▲ ▲ ● ▲ ▲ ■ ● ◆,0
B01_train_484,▲ ◆ ▲ ◆ ■ ▲ ● ▲,0
B01_train_485,▲ ◆ ■ ▲ ■ ■ ● ◆,1
B01_train_486,■ ■ ▲ ◆ ■ ◆ ▲ ▲,0
B01_train_487,▲ ● ■ ▲ ■ ▲ ● ▲,0
B01_train_488,▲ ◆ ● ◆ ■ ◆ ● ●,0
B01_train_489,▲ ▲ ◆ ■ ◆ ■ ▲ ■,0
B01_train_490,▲ ● ■ ■ ▲ ■ ● ■,1
B01_train_491,● ▲ ◆ ● ● ● ▲ ●,1
B01_train_492,◆ ■ ◆ ■ ▲ ● ◆ ▲,1
B01_train_493,◆ ▲ ▲ ● ● ◆ ● ◆,1
B01_train_494,◆ ◆ ● ■ ● ■ ■ ●,0
B01_train_495,● ▲ ▲ ▲ ● ▲ ● ■,0
B01_train_496,◆ ◆ ◆ ◆ ◆ ▲ ● ◆,0
B01_train_497,■ ● ◆ ● ▲ ▲ ▲ ◆,0
B01_train_498,● ■ ● ● ● ■ ◆ ▲,0
B01_train_499,■ ◆ ● ▲ ▲ ◆ ◆ ■,1
B01_train_500,▲ ▲ ◆ ■ ◆ ◆ ▲ ▲,0
B01_train_501,● ◆ ● ■ ▲ ▲ ■ ◆,1
B01_train_502,● ■ ◆ ▲ ◆ ● ● ◆,0
B01_train_503,◆ ▲ ▲ ▲ ● ■ ■ ■,0
B01_train_504,● ◆ ● ◆ ▲ ▲ ● ●,1
B01_train_505,▲ ▲ ▲ ▲ ● ▲ ● ◆,0
B01_train_506,■ ▲ ● ● ◆ ■ ▲ ■,1
B01_train_507,◆ ◆ ▲ ■ ● ■ ■ ◆,0
B01_train_508,■ ◆ ◆ ◆ ▲ ◆ ◆ ■,0
B01_train_509,■ ▲ ■ ◆ ▲ ■ ◆ ■,1
B01_train_510,▲ ■ ◆ ▲ ▲ ▲ ● ●,0
B01_train_511,● ▲ ■ ■ ● ◆ ◆ ■,0
B01_train_512,● ■ ◆ ▲ ● ◆ ◆ ◆,0
B01_train_513,▲ ■ ■ ■ ◆ ■ ● ▲,1
B01_train_514,■ ■ ■ ■ ▲ ■ ■ ◆,0
B01_train_515,■ ▲ ● ■ ■ ■ ▲ ■,1
B01_train_516,● ◆ ◆ ▲ ● ● ▲ ■,1
B01_train_517,● ▲ ● ● ■ ◆ ◆ ●,0
B01_train_518,■ ◆ ▲ ◆ ■ ■ ● ◆,0
B01_train_519,● ▲ ● ● ● ◆ ▲ ■,1
B01_train_520,▲ ◆ ■ ● ◆ ● ◆ ●,0
B01_train_521,▲ ◆ ◆ ▲ ● ▲ ◆ ●,0
B01_train_522,● ■ ◆ ● ▲ ■ ▲ ◆,1
B01_train_523,■ ● ◆ ▲ ▲ ▲ ■ ●,0
B01_train_524,● ■ ● ● ◆ ▲ ■ ▲,1
B01_train_525,● ▲ ● ▲ ■ ◆ ◆ ◆,1
B01_train_526,■ ■ ◆ ■ ● ● ▲ ■,0
B01_train_527,● ■ ▲ ■ ■ ◆ ◆ ▲,1
B01_train_528,◆ ◆ ◆ ▲ ■ ◆ ■ ▲,1
B01_train_529,● ● ● ■ ■ ● ▲ ●,0
B01_train_530,● ▲ ▲ ● ■ ● ■ ●,1
B01_train_531,▲ ▲ ◆ ● ◆ ● ■ ■,1
B01_train_532,▲ ■ ■ ◆ ◆ ◆ ● ■,0
B01_train_533,■ ■ ◆ ◆ ■ ◆ ▲ ■,0
B01_train_534,■ ■ ▲ ◆ ◆ ● ▲ ●,1
B01_train_535,● ■ ● ◆ ▲ ▲ ■ ■,1
B01_train_536,◆ ◆ ● ● ◆ ◆ ◆ ◆,0
B01_train_537,● ■ ● ▲ ◆ ■ ▲ ◆,1
B01_train_538,■ ▲ ● ◆ ■ ◆ ● ▲,1
B01_train_539,▲ ■ ■ ● ▲ ■ ● ●,1
B01_train_540,● ◆ ■ ■ ◆ ▲ ▲ ■,1
B01_train_541,▲ ◆ ■ ■ ● ● ● ▲,1
B01_train_542,▲ ● ● ● ◆ ▲ ◆ ●,1
B01_train_543,◆ ■ ▲ ▲ ▲ ■ ◆ ◆,0
B01_train_544,● ◆ ■ ▲ ● ▲ ● ◆,1
B01_train_545,● ◆ ● ■ ◆ ◆ ▲ ◆,0
B01_train_546,■ ▲ ◆ ■ ▲ ● ◆ ▲,0
B01_train_547,▲ ◆ ■ ◆ ■ ▲ ● ▲,0
B01_train_548,◆ ▲ ■ ▲ ● ■ ■ ●,1
B01_train_549,■ ◆ ▲ ▲ ■ ▲ ◆ ■,0
B01_train_550,◆ ■ ■ ◆ ● ● ● ◆,0
B01_train_551,■ ▲ ◆ ● ■ ◆ ◆ ■,0
B01_train_552,◆ ◆ ▲ ◆ ◆ ■ ● ▲,1
B01_train_553,▲ ■ ■ ▲ ■ ■ ■ ■,1
B01_train_554,● ▲ ● ◆ ■ ● ▲ ■,1
B01_train_555,■ ▲ ◆ ◆ ● ● ● ■,0
B01_train_556,▲ ■ ● ● ◆ ◆ ■ ●,0
B01_train_557,▲ ◆ ▲ ● ▲ ▲ ■ ●,0
B01_train_558,◆ ▲ ● ■ ● ▲ ■ ■,1
B01_train_559,■ ■ ▲ ● ◆ ● ■ ■,0
B01_train_560,▲ ▲ ■ ■ ◆ ◆ ● ■,1
B01_train_561,■ ● ◆ ■ ● ◆ ■ ▲,0
B01_train_562,● ◆ ■ ▲ ● ● ■ ■,0
B01_train_563,● ▲ ● ■ ● ● ▲ ▲,0
B01_train_564,● ● ▲ ◆ ◆ ● ■ ◆,0
B01_train_565,■ ■ ▲ ◆ ■ ◆ ▲ ◆,1
B01_train_566,◆ ■ ▲ ▲ ■ ● ● ▲,0
B01_train_567,● ▲ ● ● ■ ● ■ ▲,1
B01_train_568,▲ ● ◆ ▲ ◆ ■ ● ◆,1
B01_train_569,▲ ● ● ● ◆ ◆ ◆ ■,0
B01_train_570,■ ● ◆ ▲ ● ● ◆ ▲,1
B01_train_571,■ ▲ ◆ ◆ ◆ ● ■ ■,0
B01_train_572,■ ■ ■ ■ ■ ▲ ▲ ●,1
B01_train_573,● ◆ ◆ ▲ ▲ ■ ◆ ■,1
B01_train_574,● ◆ ● ● ▲ ◆ ● ■,0
B01_train_575,■ ◆ ▲ ■ ■ ■ ■ ●,0
B01_train_576,■ ● ▲ ◆ ● ● ■ ▲,1
B01_train_577,■ ■ ● ● ■ ▲ ▲ ■,1
B01_train_578,▲ ● ◆ ● ◆ ● ▲ ◆,1
B01_train_579,◆ ● ■ ■ ■ ▲ ◆ ▲,1
B01_train_580,● ● ● ◆ ◆ ● ■ ▲,0
B01_train_581,▲ ■ ◆ ■ ▲ ■ ■ ●,1
B01_train_582,◆ ■ ▲ ● ▲ ■ ● ▲,0
B01_train_583,▲ ● ■ ◆ ● ■ ◆ ▲,1
B01_train_584,● ▲ ■ ● ■ ■ ■ ●,0
B01_train_585,▲ ■ ● ▲ ■ ● ▲ ■,0
B01_train_586,◆ ▲ ■ ▲ ▲ ■ ■ ◆,0
B01_train_587,◆ ● ◆ ◆ ◆ ● ■ ■,0
B01_train_588,◆ ◆ ● ■ ■ ● ▲ ▲,1
B01_train_589,◆ ◆ ▲ ● ● ◆ ● ▲,1
B01_train_590,● ▲ ● ▲ ◆ ▲ ▲ ▲,0
B01_train_591,◆ ◆ ◆ ● ▲ ◆ ■ ■,0
B01_train_592,▲ ▲ ◆ ▲ ● ● ● ■,0
B01_train_593,■ ◆ ◆ ▲ ▲ ■ ▲ ■,0
B01_train_594,■ ▲ ■ ■ ■ ▲ ◆ ■,1
B01_train_595,● ◆ ■ ▲ ◆ ● ■ ■,0
B01_train_596,■ ■ ● ▲ ◆ ◆ ◆ ■,0
B01_train_597,● ▲ ◆ ● ◆ ● ■ ▲,1
B01_train_598,▲ ■ ■ ▲ ▲ ■ ● ◆,0
B01_train_599,▲ ● ● ● ● ▲ ◆ ●,1
B01_train_600,● ◆ ■ ● ▲ ■ ◆ ◆,0
B01_train_601,▲ ■ ● ■ ▲ ■ ■ ●,1
B01_train_602,▲ ◆ ● ▲ ■ ◆ ■ ●,1
B01_train_603,■ ▲ ◆ ■ ◆ ◆ ■ ■,0
B01_train_604,▲ ● ● ● ▲ ● ● ▲,0
B01_train_605,◆ ◆ ◆ ● ■ ● ● ▲,0
B01_train_606,■ ● ■ ● ■ ■ ● ■,0
B01_train_607,▲ ● ■ ■ ● ● ● ◆,0
B01_train_608,■ ◆ ◆ ◆ ● ■ ◆ ▲,0
B01_train_609,◆ ▲ ▲ ◆ ◆ ◆ ● ●,1
B01_train_610,● ▲ ▲ ● ● ● ◆ ■,1
B01_train_611,◆ ◆ ▲ ● ■ ● ● ▲,1
B01_train_612,◆ ▲ ■ ▲ ■ ◆ ◆ ◆,1
B01_train_613,■ ◆ ■ ▲ ■ ■ ▲ ◆,1
B01_train_614,▲ ▲ ● ◆ ◆ ● ◆ ■,1
B01_train_615,■ ■ ● ▲ ▲ ◆ ■ ■,1
B01_train_616,◆ ◆ ● ● ▲ ● ■ ▲,1
B01_train_617,◆ ■ ● ◆ ■ ■ ▲ ◆,0
B01_train_618,■ ▲ ▲ ■ ■ ▲ ◆ ▲,0
B01_train_619,◆ ● ● ■ ▲ ◆ ■ ▲,1
B01_train_620,▲ ▲ ● ■ ● ● ■ ◆,1
B01_train_621,▲ ● ● ● ◆ ▲ ■ ▲,0
B01_train_622,● ◆ ◆ ▲ ● ● ◆ ▲,1
B01_train_623,◆ ◆ ■ ▲ ▲ ▲ ● ■,0
B01_train_624,● ■ ● ▲ ◆ ● ● ▲,1
B01_train_625,◆ ▲ ● ■ ◆ ● ▲ ◆,1
B01_train_626,■ ▲ ◆ ■ ◆ ● ■ ▲,1
B01_train_627,◆ ▲ ■ ■ ● ● ▲ ■,1
B01_train_628,▲ ◆ ■ ■ ● ◆ ◆ ■,0
B01_train_629,▲ ● ■ ● ▲ ▲ ■ ◆,0
B01_train_630,▲ ■ ◆ ● ■ ▲ ■ ●,1
B01_train_631,■ ▲ ◆ ● ■ ◆ ▲ ◆,1
B01_train_632,● ▲ ◆ ■ ● ■ ■ ▲,1
B01_train_633,■ ● ◆ ■ ◆ ▲ ● ●,0
B01_train_634,◆ ■ ◆ ◆ ▲ ■ ▲ ●,1
B01_train_635,◆ ■ ● ■ ◆ ▲ ● ●,0
B01_train_636,◆ ■ ● ◆ ◆ ■ ▲ ●,0
B01_train_637,■ ▲ ■ ◆ ◆ ■ ◆ ◆,0
B01_train_638,▲ ◆ ◆ ■ ◆ ◆ ▲ ◆,1
B01_train_639,▲ ▲ ● ◆ ◆ ■ ◆ ■,1
B01_train_640,▲ ● ■ ▲ ◆ ▲ ◆ ▲,0
B01_train_641,▲ ■ ◆ ■ ◆ ● ■ ●,0
B01_train_642,● ▲ ■ ◆ ● ◆ ◆ ▲,1
B01_train_643,▲ ◆ ◆ ● ◆ ● ● ■,0
B01_train_644,● ● ◆ ■ ● ◆ ● ■,0
B01_train_645,● ▲ ▲ ◆ ◆ ● ◆ ■,1
B01_train_646,■ ◆ ▲ ● ▲ ● ■ ●,1
B01_train_647,◆ ● ▲ ■ ■ ■ ■ ◆,0
B01_train_648,■ ▲ ● ◆ ◆ ◆ ▲ ■,1
B01_train_649,■ ■ ■ ▲ ● ◆ ▲ ■,1
B01_train_650,● ◆ ▲ ▲ ● ◆ ● ◆,1
B01_train_651,■ ◆ ● ▲ ● ● ■ ●,0
B01_train_652,■ ◆ ▲ ● ▲ ● ■ ●,1
B01_train_653,■ ◆ ▲ ◆ ● ◆ ● ▲,1
B01_train_654,◆ ◆ ◆ ◆ ▲ ■ ● ●,0
B01_train_655,● ◆ ■ ■ ◆ ■ ◆ ■,0
B01_train_656,◆ ▲ ■ ● ● ● ▲ ■,1
B01_train_657,● ■ ■ ◆ ▲ ■ ▲ ●,1
B01_train_658,▲ ■ ◆ ■ ■ ◆ ◆ ▲,1
B01_train_659,◆ ◆ ◆ ▲ ● ● ● ▲,1
B01_train_660,◆ ▲ ● ◆ ● ● ▲ ●,1
B01_train_661,◆ ■ ● ◆ ◆ ■ ● ■,0
B01_train_662,◆ ◆ ▲ ◆ ■ ▲ ▲ ▲,0
B01_train_663,● ◆ ▲ ◆ ■ ● ■ ▲,1
B01_train_664,◆ ◆ ◆ ◆ ■ ▲ ■ ▲,1
B01_train_665,■ ● ▲ ◆ ■ ● ▲ ●,1
B01_train_666,● ▲ ● ● ◆ ● ▲ ■,1
B01_train_667,■ ● ◆ ● ◆ ● ◆ ▲,0
B01_train_668,◆ ▲ ■ ◆ ■ ◆ ▲ ■,1
B01_train_669,◆ ● ■ ▲ ● ◆ ▲ ■,1
B01_train_670,■ ● ● ▲ ◆ ▲ ● ◆,1
B01_train_671,◆ ● ▲ ▲ ◆ ■ ● ●,1
B01_train_672,◆ ◆ ▲ ◆ ◆ ◆ ■ ■,0
B01_train_673,■ ● ▲ ■ ◆ ■ ▲ ◆,1
B01_train_674,● ■ ■ ■ ● ▲ ■ ■,0
B01_train_675,● ● ■ ■ ● ▲ ■ ◆,0
B01_train_676,◆ ■ ◆ ● ◆ ▲ ● ▲,1
B01_train_677,● ● ■ ▲ ■ ■ ▲ ■,1
B01_train_678,■ ● ● ■ ● ◆ ■ ■,0
B01_train_679,● ■ ■ ■ ▲ ■ ▲ ●,1
B01_train_680,● ◆ ● ▲ ◆ ▲ ◆ ◆,1
B01_train_681,■ ● ● ● ◆ ● ■ ◆,0
B01_train_682,■ ■ ◆ ▲ ◆ ▲ ▲ ●,0
B01_train_683,● ■ ▲ ● ● ● ◆ ▲,1
B01_train_684,▲ ■ ● ◆ ■ ▲ ■ ◆,1
B01_train_685,▲ ■ ◆ ■ ◆ ■ ■ ●,0
B01_train_686,▲ ▲ ◆ ◆ ■ ▲ ▲ ■,0
B01_train_687,▲ ● ■ ◆ ▲ ◆ ▲ ◆,0
B01_train_688,▲ ▲ ■ ● ■ ● ■ ■,1
B01_train_689,▲ ■ ● ▲ ● ● ● ▲,0
B01_train_690,■ ■ ◆ ◆ ◆ ▲ ■ ▲,1
B01_train_691,◆ ▲ ■ ◆ ▲ ◆ ◆ ▲,0
B01_train_692,▲ ■ ■ ● ◆ ● ■ ■,0
B01_train_693,▲ ● ■ ▲ ● ● ● ●,1
B01_train_694,◆ ▲ ▲ ■ ● ◆ ■ ■,1
B01_train_695,◆ ■ ◆ ■ ▲ ■ ▲ ▲,0
B01_train_696,● ■ ■ ◆ ● ■ ▲ ■,0
B01_train_697,■ ● ▲ ■ ▲ ■ ◆ ◆,1
B01_train_698,■ ▲ ◆ ▲ ■ ▲ ▲ ■,0
B01_train_699,▲ ● ▲ ■ ● ■ ● ●,1
B01_train_700,■ ■ ◆ ● ● ■ ● ◆,0
B01_train_701,◆ ■ ● ▲ ● ● ▲ ◆,1
B01_train_702,● ◆ ■ ● ▲ ◆ ◆ ●,0
B01_train_703,▲ ● ● ◆ ● ▲ ● ●,1
B01_train_704,● ● ■ ◆ ● ▲ ■ ■,0
B01_train_705,■ ◆ ■ ▲ ▲ ■ ■ ◆,1
B01_train_706,▲ ▲ ■ ◆ ◆ ■ ● ●,1
B01_train_707,■ ■ ◆ ▲ ◆ ● ■ ■,0
B01_train_708,◆ ■ ◆ ● ▲ ◆ ▲ ■,1
B01_train_709,● ▲ ▲ ◆ ▲ ■ ◆ ▲,0
B01_train_710,● ◆ ▲ ▲ ● ● ● ■,1
B01_train_711,◆ ▲ ● ■ ◆ ■ ● ■,0
B01_train_712,● ● ● ▲ ◆ ◆ ■ ▲,1
B01_train_713,■ ▲ ◆ ▲ ◆ ■ ◆ ■,1
B01_train_714,◆ ● ▲ ◆ ● ▲ ▲ ●,0
B01_train_715,◆ ● ▲ ● ● ◆ ■ ◆,0
B01_train_716,◆ ● ◆ ■ ■ ◆ ■ ▲,0
B01_train_717,◆ ■ ▲ ▲ ◆ ◆ ◆ ●,1
B01_train_718,■ ● ■ ■ ◆ ▲ ◆ ▲,1
B01_train_719,● ◆ ▲ ◆ ■ ▲ ◆ ▲,0
B01_train_720,■ ■ ■ ▲ ▲ ■ ◆ ◆,1
B01_train_721,◆ ■ ▲ ■ ◆ ● ● ▲,1
B01_train_722,◆ ▲ ● ● ● ◆ ■ ■,0
B01_train_723,◆ ● ▲ ● ◆ ◆ ■ ●,0
B01_train_724,▲ ▲ ● ■ ▲ ◆ ▲ ■,0
B01_train_725,◆ ◆ ◆ ◆ ◆ ● ■ ◆,0
B01_train_726,● ◆ ■ ◆ ◆ ■ ◆ ●,0
B01_train_727,● ■ ◆ ▲ ■ ◆ ◆ ◆,0
B01_train_728,■ ◆ ■ ● ▲ ■ ■ ▲,1
B01_train_729,● ◆ ▲ ▲ ◆ ■ ▲ ◆,0
B01_train_730,◆ ● ▲ ■ ▲ ◆ ◆ ■,1
B01_train_731,◆ ◆ ● ▲ ▲ ◆ ▲ ■,0
B01_train_732,◆ ● ▲ ◆ ● ◆ ◆ ▲,1
B01_train_733,▲ ■ ◆ ● ◆ ◆ ● ◆,0
B01_train_734,◆ ▲ ◆ ■ ▲ ● ▲ ■,0
B01_train_735,■ ■ ● ▲ ◆ ▲ ● ▲,0
B01_train_736,● ■ ◆ ● ▲ ◆ ▲ ■,1
B01_train_737,● ▲ ● ■ ■ ● ● ◆,0
B01_train_738,▲ ◆ ● ▲ ■ ■ ● ●,1
B01_train_739,▲ ▲ ◆ ● ■ ■ ■ ▲,0
B01_train_740,▲ ▲ ▲ ▲ ■ ● ● ●,0
B01_train_741,◆ ● ▲ ◆ ▲ ● ● ■,1
B01_train_742,▲ ● ● ■ ▲ ◆ ■ ■,1
B01_train_743,◆ ◆ ◆ ● ▲ ◆ ■ ▲,1
B01_train_744,● ■ ◆ ◆ ■ ■ ▲ ▲,1
B01_train_745,◆ ● ■ ● ● ▲ ◆ ●,0
B01_train_746,▲ ● ● ● ◆ ▲ ● ●,1
B01_train_747,● ● ◆ ▲ ● ■ ▲ ●,1
B01_train_748,▲ ▲ ▲ ● ● ▲ ■ ■,0
B01_train_749,◆ ● ▲ ● ▲ ● ■ ■,1
B01_train_750,■ ◆ ◆ ▲ ◆ ▲ ▲ ▲,0
B01_train_751,▲ ■ ▲ ■ ● ■ ▲ ●,0
B01_train_752,● ● ■ ◆ ■ ▲ ● ■,0
B01_train_753,■ ◆ ■ ◆ ■ ▲ ▲ ●,1
B01_train_754,◆ ● ◆ ◆ ● ◆ ▲ ▲,1
B01_train_755,▲ ■ ▲ ■ ▲ ■ ▲ ■,0
B01_train_756,▲ ● ● ■ ● ● ▲ ▲,0
B01_train_757,■ ■ ▲ ▲ ◆ ◆ ◆ ●,1
B01_train_758,■ ■ ▲ ▲ ◆ ◆ ◆ ◆,1
B01_train_759,▲ ▲ ◆ ● ◆ ■ ■ ◆,1
B01_train_760,■ ● ■ ● ◆ ◆ ◆ ●,0
B01_train_761,▲ ▲ ● ■ ● ▲ ■ ■,0
B01_train_762,● ■ ▲ ◆ ● ▲ ● ◆,1
B01_train_763,◆ ● ◆ ▲ ▲ ■ ◆ ◆,1
B01_train_764,◆ ◆ ▲ ■ ● ● ■ ■,0
B01_train_765,● ▲ ■ ● ■ ● ▲ ■,1
B01_train_766,■ ● ◆ ▲ ● ● ▲ ●,1
B01_train_767,▲ ◆ ▲ ● ■ ▲ ● ●,0
B01_train_768,■ ◆ ◆ ▲ ■ ◆ ▲ ●,1
B01_train_769,◆ ■ ▲ ▲ ● ▲ ■ ▲,0
B01_train_770,■ ▲ ▲ ■ ● ■ ● ●,1
B01_train_771,▲ ● ■ ◆ ■ ◆ ▲ ■,1
B01_train_772,● ◆ ◆ ▲ ◆ ■ ■ ◆,0
B01_train_773,▲ ◆ ■ ▲ ● ■ ◆ ▲,0
B01_train_774,▲ ▲ ▲ ◆ ◆ ◆ ● ●,0
B01_train_775,● ▲ ■ ◆ ■ ◆ ● ■,0
B01_train_776,● ▲ ● ■ ◆ ▲ ◆ ▲,0
B01_train_777,▲ ■ ● ● ◆ ▲ ● ■,1
B01_train_778,● ● ▲ ■ ■ ▲ ■ ■,1
B01_train_779,◆ ● ● ● ▲ ● ▲ ▲,0
B01_train_780,◆ ▲ ▲ ■ ◆ ◆ ● ◆,1
B01_train_781,▲ ■ ◆ ● ◆ ■ ▲ ●,1
B01_train_782,■ ▲ ◆ ▲ ◆ ● ● ■,1
B01_train_783,● ◆ ▲ ◆ ● ◆ ▲ ■,1
B01_train_784,◆ ◆ ◆ ■ ◆ ■ ■ ◆,0
B01_train_785,▲ ◆ ◆ ● ● ◆ ◆ ▲,1
B01_train_786,▲ ● ◆ ◆ ■ ▲ ◆ ●,1
B01_train_787,■ ● ● ● ● ◆ ◆ ◆,0
B01_train_788,◆ ● ◆ ◆ ◆ ● ■ ●,0
B01_train_789,● ● ◆ ◆ ▲ ● ■ ◆,0
B01_train_790,▲ ● ■ ◆ ▲ ◆ ■ ◆,1
B01_train_791,● ▲ ▲ ● ● ● ● ◆,1
B01_train_792,◆ ◆ ▲ ◆ ■ ◆ ■ ◆,0
B01_train_793,◆ ◆ ■ ● ■ ● ◆ ■,0
B01_train_794,◆ ● ▲ ◆ ◆ ▲ ■ ◆,1
B01_train_795,◆ ● ■ ● ● ◆ ● ●,0
B01_train_796,▲ ◆ ■ ▲ ● ■ ■ ■,1
B01_train_797,◆ ● ▲ ■ ● ▲ ▲ ■,0
B01_train_798,▲ ■ ◆ ▲ ▲ ■ ◆ ■,0
B01_train_799,■ ◆ ◆ ◆ ▲ ◆ ■ ◆,0
B01_train_800,◆ ■ ● ● ■ ◆ ▲ ▲,1
B01_train_801,◆ ◆ ■ ■ ▲ ◆ ▲ ●,1
B01_train_802,■ ◆ ◆ ▲ ■ ◆ ▲ ◆,1
B01_train_803,▲ ● ◆ ● ■ ● ■ ▲,1
B01_train_804,● ● ◆ ● ▲ ■ ◆ ●,0
B01_train_805,■ ● ■ ◆ ■ ■ ◆ ■,0
B01_train_806,◆ ◆ ◆ ● ▲ ■ ■ ●,0
B01_train_807,■ ▲ ● ◆ ■ ▲ ■ ■,1
B01_train_808,■ ■ ● ● ▲ ● ■ ▲,1
B01_train_809,◆ ● ▲ ■ ■ ▲ ■ ▲,0
B01_train_810,■ ● ▲ ▲ ● ▲ ■ ◆,0
B01_train_811,■ ● ■ ● ■ ◆ ▲ ▲,1
B01_train_812,▲ ◆ ▲ ● ■ ◆ ■ ●,1
B01_train_813,■ ■ ◆ ◆ ■ ■ ▲ ▲,1
B01_train_814,■ ■ ◆ ◆ ■ ■ ■ ◆,0
B01_train_815,● ● ◆ ■ ▲ ◆ ▲ ●,1
B01_train_816,● ▲ ● ▲ ◆ ◆ ◆ ■,1
B01_train_817,■ ◆ ■ ■ ◆ ■ ■ ▲,0
B01_train_818,◆ ▲ ■ ▲ ▲ ● ■ ■,0
B01_train_819,■ ▲ ▲ ● ■ ◆ ■ ●,1
B01_train_820,▲ ■ ● ■ ▲ ■ ▲ ■,0
B01_train_821,■ ■ ◆ ● ● ▲ ◆ ▲,1
B01_train_822,▲ ▲ ● ■ ■ ▲ ◆ ◆,0
B01_train_823,■ ▲ ▲ ▲ ■ ● ▲ ■,0
B01_train_824,◆ ● ■ ◆ ■ ● ▲ ◆,0
B01_train_825,■ ■ ● ◆ ◆ ▲ ■ ●,0
B01_train_826,◆ ◆ ■ ■ ■ ◆ ■ ◆,0
B01_train_827,■ ■ ● ◆ ◆ ● ▲ ▲,1
B01_train_828,● ▲ ● ● ■ ▲ ● ■,1
B01_train_829,▲ ■ ▲ ▲ ◆ ■ ▲ ●,0
B01_train_830,▲ ■ ◆ ● ◆ ● ■ ■,0
B01_train_831,■ ● ◆ ▲ ◆ ▲ ◆ ■,1
B01_train_832,▲ ■ ● ◆ ■ ● ● ◆,0
B01_train_833,● ▲ ■ ◆ ◆ ▲ ● ◆,1
B01_train_834,■ ▲ ■ ● ● ● ■ ●,0
B01_train_835,■ ◆ ▲ ■ ◆ ■ ● ▲,1
B01_train_836,▲ ◆ ● ▲ ■ ● ● ▲,0
B01_train_837,■ ◆ ■ ● ▲ ■ ▲ ▲,0
B01_train_838,▲ ■ ◆ ● ■ ■ ● ◆,0
B01_train_839,◆ ◆ ◆ ◆ ▲ ■ ● ◆,0
B01_train_840,● ▲ ● ● ● ▲ ● ■,1
B01_train_841,■ ▲ ■ ● ● ▲ ● ■,1
B01_train_842,▲ ● ■ ● ● ▲ ◆ ■,1
B01_train_843,◆ ◆ ■ ● ■ ◆ ◆ ●,0
B01_train_844,● ■ ◆ ● ◆ ▲ ▲ ◆,1
B01_train_845,● ● ● ■ ● ▲ ▲ ■,1
B01_train_846,▲ ◆ ● ▲ ■ ■ ■ ◆,1
B01_train_847,◆ ■ ◆ ▲ ▲ ◆ ◆ ◆,1
B01_train_848,■ ■ ● ● ● ■ ▲ ▲,1
B01_train_849,◆ ▲ ◆ ■ ▲ ◆ ● ●,1
B01_train_850,● ● ▲ ● ◆ ■ ▲ ◆,1
B01_train_851,■ ● ◆ ● ● ▲ ◆ ▲,1
B01_train_852,■ ■ ■ ● ■ ● ▲ ▲,1
B01_train_853,◆ ▲ ▲ ● ◆ ▲ ▲ ●,0
B01_train_854,◆ ◆ ◆ ■ ▲ ◆ ● ▲,1
B01_train_855,▲ ◆ ■ ● ◆ ▲ ▲ ■,0
B01_train_856,● ▲ ■ ■ ● ■ ● ▲,1
B01_train_857,◆ ◆ ◆ ▲ ▲ ■ ▲ ◆,0
B01_train_858,■ ▲ ◆ ◆ ■ ▲ ◆ ■,1
B01_train_859,◆ ▲ ■ ● ■ ■ ▲ ●,1
B01_train_860,▲ ▲ ◆ ▲ ◆ ■ ■ ▲,0
B01_train_861,▲ ◆ ● ▲ ◆ ■ ■ ◆,1
B01_train_862,◆ ▲ ■ ● ● ● ■ ▲,1
B01_train_863,● ● ◆ ● ● ▲ ◆ ●,0
B01_train_864,▲ ◆ ■ ◆ ◆ ■ ● ■,0
B01_train_865,■ ■ ◆ ◆ ◆ ● ▲ ◆,0
B01_train_866,● ● ■ ■ ◆ ▲ ■ ◆,0
B01_train_867,■ ◆ ■ ▲ ● ■ ■ ▲,1
B01_train_868,▲ ◆ ■ ■ ● ■ ◆ ●,0
B01_train_869,◆ ▲ ◆ ▲ ■ ■ ▲ ■,0
B01_train_870,● ● ▲ ▲ ◆ ● ◆ ▲,0
B01_train_871,◆ ◆ ◆ ◆ ▲ ● ▲ ●,1
B01_train_872,● ■ ● ◆ ● ▲ ◆ ▲,1
B01_train_873,● ■ ◆ ● ▲ ■ ● ■,0
B01_train_874,■ ◆ ● ▲ ■ ■ ■ ◆,0
B01_train_875,■ ◆ ● ■ ▲ ▲ ■ ◆,1
B01_train_876,◆ ◆ ▲ ● ▲ ▲ ◆ ◆,0
B01_train_877,■ ▲ ▲ ● ■ ▲ ● ■,0
B01_train_878,■ ■ ● ● ■ ◆ ▲ ▲,1
B01_train_879,▲ ▲ ◆ ▲ ◆ ◆ ◆ ◆,0
B01_train_880,◆ ◆ ● ● ● ▲ ◆ ●,0
B01_train_881,■ ● ▲ ● ■ ■ ▲ ◆,1
B01_train_882,● ◆ ▲ ● ■ ◆ ● ●,0
B01_train_883,▲ ▲ ◆ ● ▲ ● ■ ●,0
B01_train_884,▲ ● ● ■ ■ ■ ■ ▲,1
B01_train_885,● ▲ ◆ ● ◆ ◆ ◆ ▲,1
B01_train_886,◆ ▲ ◆ ▲ ● ◆ ● ◆,1
B01_train_887,◆ ◆ ● ▲ ● ● ▲ ●,1
B01_train_888,■ ● ■ ▲ ▲ ■ ■ ■,1
B01_train_889,● ▲ ▲ ◆ ◆ ● ■ ■,1
B01_train_890,▲ ● ● ■ ■ ◆ ▲ ◆,1
B01_train_891,■ ■ ● ▲ ■ ◆ ▲ ■,1
B01_train_892,■ ◆ ◆ ▲ ● ◆ ▲ ◆,1
B01_train_893,◆ ■ ▲ ▲ ◆ ◆ ■ ◆,1
B01_train_894,● ● ◆ ▲ ◆ ■ ■ ▲,1
B01_train_895,● ● ● ▲ ▲ ◆ ● ●,1
B01_train_896,▲ ● ▲ ■ ■ ● ◆ ●,1
B01_train_897,■ ◆ ▲ ▲ ● ▲ ● ◆,0
B01_train_898,▲ ◆ ▲ ▲ ▲ ◆ ▲ ▲,0
B01_train_899,■ ◆ ■ ◆ ▲ ◆ ● ▲,1
B01_train_900,● ■ ■ ● ◆ ● ▲ ▲,1
B01_train_901,◆ ■ ● ■ ◆ ◆ ▲ ▲,1
B01_train_902,■ ● ◆ ▲ ● ■ ◆ ●,0
B01_train_903,◆ ▲ ● ◆ ■ ◆ ▲ ■,1
B01_train_904,◆ ■ ▲ ■ ■ ▲ ◆ ◆,1
B01_train_905,■ ▲ ◆ ▲ ◆ ◆ ● ◆,1
B01_train_906,▲ ◆ ■ ● ● ▲ ■ ◆,1
B01_train_907,▲ ■ ● ◆ ▲ ▲ ■ ●,0
B01_train_908,■ ● ▲ ■ ■ ■ ■ ▲,1
B01_train_909,◆ ▲ ■ ◆ ■ ■ ● ▲,1
B01_train_910,▲ ■ ● ■ ▲ ▲ ▲ ▲,0
B01_train_911,● ■ ◆ ▲ ■ ▲ ◆ ■,1
B01_train_912,● ◆ ▲ ● ▲ ◆ ◆ ●,1
B01_train_913,◆ ◆ ◆ ◆ ▲ ■ ▲ ●,1
B01_train_914,▲ ◆ ▲ ● ■ ◆ ● ◆,1
B01_train_915,◆ ▲ ▲ ◆ ◆ ▲ ■ ▲,0
B01_train_916,■ ◆ ▲ ▲ ● ◆ ■ ◆,1
B01_train_917,■ ◆ ■ ● ▲ ▲ ● ●,1
B01_train_918,▲ ◆ ◆ ▲ ▲ ■ ◆ ●,0
B01_train_919,● ▲ ■ ● ◆ ◆ ● ■,0
B01_train_920,● ■ ● ● ▲ ▲ ■ ■,1
B01_train_921,▲ ● ◆ ● ■ ◆ ◆ ◆,0
B01_train_922,◆ ◆ ◆ ▲ ▲ ● ● ●,1
B01_train_923,■ ▲ ● ◆ ● ■ ■ ▲,1
B01_train_924,● ● ● ▲ ◆ ● ▲ ●,1
B01_train_925,◆ ▲ ■ ● ◆ ▲ ■ ●,1
B01_train_926,● ● ● ▲ ● ■ ▲ ◆,1
B01_train_927,■ ■ ▲ ◆ ● ● ● ▲,1
B01_train_928,▲ ■ ◆ ▲ ◆ ◆ ◆ ●,1
B01_train_929,◆ ■ ◆ ▲ ▲ ◆ ▲ ■,0
B01_train_930,◆ ● ▲ ◆ ● ■ ▲ ◆,1
B01_train_931,■ ▲ ■ ● ■ ■ ◆ ▲,1
B01_train_932,▲ ◆ ■ ● ■ ▲ ▲ ■,0
B01_train_933,▲ ■ ▲ ◆ ◆ ● ▲ ◆,0
B01_train_934,▲ ◆ ● ● ● ● ● ●,0
B01_train_935,▲ ◆ ◆ ● ● ▲ ■ ▲,0
B01_train_936,■ ▲ ▲ ● ◆ ◆ ■ ●,1
B01_train_937,◆ ◆ ▲ ◆ ◆ ■ ▲ ●,1
B01_train_938,▲ ■ ■ ■ ● ▲ ● ●,1
B01_train_939,▲ ▲ ■ ▲ ◆ ◆ ▲ ▲,0
B01_train_940,◆ ◆ ◆ ▲ ▲ ■ ▲ ■,0
B01_train_941,▲ ◆ ● ■ ● ■ ▲ ◆,1
B01_train_942,▲ ◆ ▲ ● ● ● ● ◆,1
B01_train_943,◆ ◆ ◆ ▲ ▲ ▲ ▲ ●,0
B01_train_944,▲ ■ ■ ● ◆ ■ ● ▲,1
B01_train_945,■ ■ ▲ ◆ ▲ ◆ ● ▲,0
B01_train_946,■ ▲ ■ ■ ● ● ● ▲,1
B01_train_947,▲ ■ ◆ ● ◆ ◆ ▲ ◆,1
B01_train_948,◆ ▲ ● ◆ ● ● ■ ●,0
B01_train_949,● ● ■ ◆ ▲ ● ▲ ■,1
B01_train_950,■ ▲ ■ ▲ ◆ ■ ◆ ■,1
B01_train_951,● ● ▲ ● ▲ ■ ◆ ◆,1
B01_train_952,■ ◆ ● ● ◆ ■ ◆ ▲,0
B01_train_953,● ▲ ● ● ■ ▲ ■ ◆,1
B01_train_954,● ■ ● ▲ ◆ ■ ◆ ▲,1
B01_train_955,◆ ■ ● ◆ ◆ ▲ ■ ◆,0
B01_train_956,▲ ● ■ ■ ◆ ◆ ● ●,0
B01_train_957,▲ ● ● ■ ● ◆ ● ▲,1
B01_train_958,▲ ■ ● ▲ ■ ◆ ● ●,1
B01_train_959,◆ ■ ● ■ ◆ ◆ ● ▲,0
B01_train_960,▲ ▲ ▲ ● ◆ ▲ ▲ ■,0
B01_train_961,◆ ● ■ ■ ▲ ■ ■ ◆,0
B01_train_962,◆ ● ◆ ▲ ▲ ● ■ ■,1
B01_train_963,◆ ● ● ■ ◆ ▲ ■ ●,0
B01_train_964,◆ ● ◆ ● ▲ ■ ● ●,0
B01_train_965,◆ ◆ ▲ ▲ ● ● ◆ ■,1
B01_train_966,● ◆ ■ ▲ ● ▲ ▲ ◆,0
B01_train_967,▲ ◆ ● ◆ ▲ ▲ ▲ ◆,0
B01_train_968,● ▲ ■ ■ ▲ ◆ ◆ ●,1
B01_train_969,■ ● ▲ ▲ ▲ ■ ◆ ▲,0
B01_train_970,■ ● ● ◆ ■ ■ ● ▲,0
B01_train_971,▲ ■ ▲ ■ ◆ ● ▲ ▲,0
B01_train_972,▲ ■ ▲ ● ■ ▲ ● ▲,0
B01_train_973,● ▲ ● ● ▲ ▲ ● ●,0
B01_train_974,■ ◆ ■ ▲ ● ● ■ ▲,1
B01_train_975,▲ ◆ ● ■ ◆ ▲ ■ ◆,1
B01_train_976,▲ ■ ● ● ◆ ◆ ■ ●,0
B01_train_977,◆ ■ ● ◆ ▲ ● ● ■,0
B01_train_978,● ◆ ■ ▲ ◆ ▲ ● ■,1
B01_train_979,▲ ▲ ■ ◆ ■ ▲ ◆ ■,0
B01_train_980,● ■ ▲ ● ■ ■ ▲ ■,1
B01_train_981,▲ ▲ ■ ● ◆ ● ◆ ◆,1
B01_train_982,■ ◆ ● ■ ◆ ▲ ▲ ■,1
B01_train_983,● ■ ◆ ■ ▲ ▲ ■ ■,1
B01_train_984,▲ ● ■ ● ● ◆ ▲ ■,1
B01_train_985,● ◆ ◆ ◆ ◆ ● ■ ◆,0
B01_train_986,▲ ■ ◆ ■ ◆ ■ ■ ●,0
B01_train_987,▲ ◆ ■ ● ◆ ◆ ● ▲,1
B01_train_988,◆ ● ◆ ▲ ● ▲ ■ ▲,0
B01_train_989,◆ ● ■ ■ ● ■ ● ◆,0
B01_train_990,● ▲ ■ ■ ■ ▲ ◆ ●,1
B01_train_991,■ ◆ ▲ ▲ ■ ◆ ■ ◆,1
B01_train_992,■ ■ ▲ ■ ▲ ● ■ ■,1
B01_train_993,▲ ▲ ◆ ■ ● ■ ▲ ◆,0
B01_train_994,■ ● ◆ ■ ◆ ● ▲ ●,0
B01_train_995,▲ ▲ ■ ◆ ● ● ▲ ●,0
B01_train_996,■ ● ● ■ ▲ ▲ ▲ ◆,0
B01_train_997,■ ▲ ● ■ ◆ ● ● ◆,0
B01_train_998,● ■ ■ ● ● ▲ ◆ ▲,1
B01_train_999,▲ ◆ ▲ ◆ ■ ▲ ▲ ◆,0
B01_train_1000,■ ■ ▲ ▲ ● ■ ◆ ◆,1
B01_train_1001,▲ ■ ◆ ◆ ● ◆ ● ▲,1
B01_train_1002,◆ ● ▲ ■ ● ● ◆ ■,0
B01_train_1003,● ◆ ◆ ▲ ■ ■ ● ◆,0
B01_train_1004,● ▲ ● ▲ ● ● ● ▲,0
B01_train_1005,■ ● ■ ◆ ● ■ ● ●,0
B01_train_1006,▲ ● ◆ ▲ ◆ ■ ◆ ■,1
B01_train_1007,◆ ● ▲ ■ ■ ▲ ▲ ●,0
B01_train_1008,◆ ▲ ■ ◆ ◆ ■ ● ◆,0
B01_train_1009,● ▲ ● ● ■ ▲ ◆ ◆,1
B01_train_1010,● ◆ ● ■ ■ ■ ● ◆,0
B01_train_1011,■ ● ● ■ ■ ■ ● ●,0
B01_train_1012,■ ● ▲ ◆ ■ ◆ ▲ ●,1
B01_train_1013,▲ ■ ▲ ▲ ▲ ■ ▲ ●,0
B01_train_1014,■ ▲ ◆ ● ■ ■ ◆ ■,0
B01_train_1015,▲ ▲ ■ ◆ ● ■ ◆ ◆,1
B01_train_1016,◆ ▲ ▲ ◆ ■ ◆ ▲ ●,0
B01_train_1017,▲ ▲ ● ◆ ● ● ▲ ●,0
B01_train_1018,● ■ ◆ ■ ■ ■ ● ▲,0
B01_train_1019,▲ ■ ◆ ◆ ▲ ◆ ▲ ■,0
B01_train_1020,■ ◆ ■ ▲ ● ● ■ ●,0
B01_train_1021,■ ▲ ■ ▲ ◆ ▲ ■ ●,0
B01_train_1022,▲ ◆ ▲ ◆ ■ ▲ ▲ ◆,0
B01_train_1023,◆ ■ ■ ◆ ■ ▲ ● ●,0
B01_train_1024,■ ● ● ■ ▲ ◆ ■ ■,0
B01_train_1025,◆ ◆ ■ ▲ ■ ■ ▲ ●,1
B01_train_1026,◆ ■ ● ◆ ■ ◆ ▲ ●,0
B01_train_1027,▲ ■ ● ▲ ◆ ■ ■ ●,1
B01_train_1028,▲ ● ◆ ● ■ ● ▲ ●,1
B01_train_1029,■ ■ ● ▲ ◆ ▲ ◆ ●,1
B01_train_1030,● ◆ ◆ ◆ ◆ ● ◆ ■,0
B01_train_1031,■ ◆ ◆ ■ ◆ ■ ▲ ●,0
B01_train_1032,■ ◆ ● ● ■ ▲ ◆ ▲,1
B01_train_1033,◆ ● ◆ ■ ◆ ● ▲ ▲,1
B01_train_1034,◆ ■ ◆ ■ ◆ ▲ ● ◆,0
B01_train_1035,● ■ ▲ ● ▲ ◆ ● ◆,1
B01_train_1036,▲ ■ ■ ▲ ▲ ● ■ ■,0
B01_train_1037,■ ◆ ◆ ■ ■ ▲ ■ ▲,1
B01_train_1038,▲ ● ● ■ ● ▲ ● ●,1
B01_train_1039,● ■ ◆ ● ● ● ▲ ●,0
B01_train_1040,◆ ▲ ● ■ ● ■ ◆ ▲,1
B01_train_1041,▲ ▲ ■ ● ▲ ◆ ■ ◆,0
B01_train_1042,▲ ■ ● ■ ■ ■ ◆ ◆,0
B01_train_1043,◆ ■ ● ▲ ■ ◆ ● ◆,0
B01_train_1044,▲ ■ ◆ ■ ▲ ■ ■ ●,1
B01_train_1045,◆ ● ● ◆ ◆ ■ ◆ ■,0
B01_train_1046,◆ ■ ■ ◆ ● ■ ◆ ●,0
B01_train_1047,◆ ● ■ ■ ◆ ● ▲ ▲,1
B01_train_1048,● ▲ ● ● ◆ ◆ ● ■,0
B01_train_1049,■ ▲ ● ■ ▲ ■ ● ◆,1
B01_train_1050,▲ ■ ● ■ ■ ▲ ● ●,1
B01_train_1051,● ◆ ■ ▲ ■ ● ▲ ●,1
B01_train_1052,■ ● ● ◆ ▲ ◆ ● ▲,1
B01_train_1053,◆ ▲ ▲ ■ ◆ ● ■ ▲,0
B01_train_1054,◆ ◆ ▲ ● ● ◆ ▲ ◆,1
B01_train_1055,● ▲ ● ■ ◆ ■ ■ ■,0
B01_train_1056,● ■ ■ ■ ▲ ▲ ▲ ●,0
B01_train_1057,● ◆ ◆ ■ ▲ ▲ ● ■,1
B01_train_1058,◆ ● ◆ ◆ ● ▲ ▲ ◆,1
B01_train_1059,▲ ● ● ● ◆ ● ◆ ▲,1
B01_train_1060,■ ▲ ■ ■ ■ ■ ● ●,0
B01_train_1061,● ◆ ● ■ ● ▲ ● ◆,0
B01_train_1062,■ ▲ ■ ◆ ◆ ◆ ● ■,0
B01_train_1063,◆ ◆ ▲ ▲ ● ◆ ● ■,1
B01_train_1064,▲ ● ● ◆ ▲ ■ ◆ ◆,1
B01_train_1065,■ ■ ▲ ◆ ● ◆ ● ■,0
B01_train_1066,● ■ ▲ ● ■ ▲ ■ ■,1
B01_train_1067,● ● ■ ● ◆ ◆ ● ◆,0
B01_train_1068,◆ ▲ ■ ◆ ▲ ▲ ◆ ●,0
B01_train_1069,◆ ◆ ▲ ● ▲ ▲ ● ▲,0
B01_train_1070,● ■ ▲ ● ◆ ▲ ▲ ●,0
B01_train_1071,■ ■ ◆ ▲ ■ ▲ ■ ■,1
B01_train_1072,◆ ▲ ● ◆ ■ ▲ ▲ ■,0
B01_train_1073,◆ ■ ◆ ▲ ● ▲ ● ◆,1
B01_train_1074,■ ◆ ● ◆ ● ▲ ▲ ●,1
B01_train_1075,◆ ▲ ■ ■ ▲ ■ ◆ ●,1
B01_train_1076,● ■ ▲ ◆ ▲ ▲ ● ●,0
B01_train_1077,◆ ▲ ▲ ◆ ◆ ■ ● ◆,1
B01_train_1078,▲ ■ ■ ● ◆ ● ▲ ●,1
B01_train_1079,● ◆ ◆ ◆ ◆ ● ■ ●,0
B01_train_1080,◆ ● ● ◆ ■ ■ ● ▲,0
B01_train_1081,▲ ■ ◆ ● ◆ ● ■ ●,0
B01_train_1082,■ ■ ▲ ■ ● ● ■ ■,0
B01_train_1083,■ ■ ▲ ● ■ ■ ■ ■,0
B01_train_1084,◆ ● ▲ ▲ ■ ● ◆ ◆,1
B01_train_1085,● ■ ● ■ ◆ ▲ ▲ ■,1
B01_train_1086,◆ ■ ● ■ ◆ ▲ ■ ◆,0
B01_train_1087,◆ ● ■ ▲ ● ■ ▲ ■,1
B01_train_1088,▲ ◆ ● ■ ▲ ◆ ■ ◆,1
B01_train_1089,● ■ ◆ ● ▲ ▲ ● ◆,1
B01_train_1090,◆ ● ▲ ▲ ◆ ■ ◆ ●,1
B01_train_1091,◆ ■ ■ ◆ ▲ ■ ◆ ■,0
B01_train_1092,● ■ ▲ ◆ ■ ● ▲ ●,1
B01_train_1093,■ ▲ ▲ ■ ▲ ◆ ● ▲,0
B01_train_1094,● ◆ ■ ● ● ▲ ● ◆,0
B01_train_1095,● ◆ ● ▲ ● ■ ◆ ▲,1
B01_train_1096,▲ ● ◆ ■ ■ ◆ ● ▲,1
B01_train_1097,● ◆ ▲ ▲ ◆ ▲ ▲ ●,0
B01_train_1098,■ ■ ■ ■ ■ ◆ ◆ ▲,0
B01_train_1099,◆ ■ ◆ ● ■ ■ ▲ ▲,1
B01_train_1100,▲ ■ ● ■ ▲ ▲ ▲ ▲,0
B01_train_1101,■ ● ◆ ▲ ◆ ■ ● ▲,1
B01_train_1102,● ● ▲ ◆ ◆ ◆ ■ ▲,1
B01_train_1103,● ● ● ◆ ● ■ ▲ ▲,1
B01_train_1104,▲ ● ● ■ ▲ ● ◆ ●,1
B01_train_1105,◆ ◆ ◆ ◆ ▲ ◆ ▲ ●,1
B01_train_1106,▲ ◆ ● ◆ ● ■ ◆ ●,0
B01_train_1107,■ ● ◆ ● ▲ ▲ ■ ◆,1
B01_train_1108,■ ● ▲ ● ■ ● ▲ ●,1
B01_train_1109,▲ ■ ▲ ◆ ◆ ■ ◆ ●,1
B01_train_1110,◆ ■ ◆ ▲ ● ▲ ◆ ▲,0
B01_train_1111,◆ ▲ ■ ■ ◆ ◆ ■ ●,0
B01_train_1112,◆ ● ▲ ▲ ● ● ■ ■,1
B01_train_1113,■ ▲ ◆ ◆ ◆ ◆ ■ ◆,0
B01_train_1114,◆ ◆ ◆ ◆ ● ▲ ▲ ▲,0
B01_train_1115,◆ ■ ■ ◆ ● ● ◆ ●,0
B01_train_1116,◆ ◆ ▲ ◆ ◆ ■ ▲ ●,1
B01_train_1117,■ ▲ ◆ ◆ ◆ ■ ● ▲,1
B01_train_1118,■ ● ◆ ● ● ◆ ■ ●,0
B01_train_1119,▲ ◆ ◆ ▲ ■ ▲ ■ ▲,0
B01_train_1120,◆ ▲ ◆ ◆ ▲ ◆ ● ■,1
B01_train_1121,▲ ■ ◆ ■ ▲ ■ ■ ◆,1
B01_train_1122,● ◆ ◆ ● ■ ▲ ■ ▲,1
B01_train_1123,● ◆ ▲ ◆ ◆ ■ ● ▲,1
B01_train_1124,◆ ● ● ▲ ● ▲ ● ■,1
B01_train_1125,■ ◆ ◆ ◆ ● ◆ ◆ ◆,0
B01_train_1126,● ◆ ▲ ◆ ◆ ◆ ▲ ◆,1
B01_train_1127,◆ ▲ ◆ ◆ ▲ ■ ◆ ■,1
B01_train_1128,▲ ● ● ● ● ◆ ● ◆,0
B01_train_1129,■ ■ ◆ ◆ ◆ ▲ ▲ ●,1
B01_train_1130,▲ ● ◆ ● ▲ ■ ■ ■,1
B01_train_1131,◆ ▲ ▲ ◆ ● ■ ◆ ●,1
B01_train_1132,▲ ● ▲ ▲ ● ■ ■ ◆,0
B01_train_1133,▲ ● ● ▲ ● ■ ● ■,1
B01_train_1134,● ▲ ◆ ■ ◆ ■ ■ ●,0
B01_train_1135,● ▲ ▲ ■ ▲ ■ ◆ ▲,0
B01_train_1136,◆ ◆ ● ● ▲ ◆ ◆ ●,0
B01_train_1137,■ ▲ ● ● ◆ ■ ◆ ■,0
B01_train_1138,■ ● ■ ◆ ◆ ● ● ▲,0
B01_train_1139,▲ ◆ ◆ ● ● ▲ ● ◆,1
B01_train_1140,■ ● ● ▲ ● ◆ ■ ◆,0
B01_train_1141,■ ■ ■ ■ ■ ▲ ▲ ●,1
B01_train_1142,● ◆ ◆ ▲ ▲ ▲ ◆ ▲,0
B01_train_1143,◆ ◆ ● ■ ▲ ● ■ ■,0
B01_train_1144,◆ ● ■ ■ ▲ ■ ▲ ▲,0
B01_train_1145,● ◆ ● ▲ ◆ ■ ● ▲,1
B01_train_1146,◆ ● ■ ▲ ◆ ▲ ▲ ■,0
B01_train_1147,▲ ■ ◆ ■ ■ ● ▲ ▲,0
B01_train_1148,■ ● ● ◆ ▲ ■ ◆ ■,0
B01_train_1149,▲ ■ ▲ ■ ■ ◆ ◆ ◆,1
B01_train_1150,■ ▲ ◆ ▲ ■ ▲ ■ ●,0
B01_train_1151,■ ▲ ■ ◆ ◆ ● ● ■,0
B01_train_1152,◆ ▲ ◆ ▲ ■ ◆ ■ ●,1
B01_train_1153,◆ ■ ■ ◆ ■ ▲ ◆ ◆,0
B01_train_1154,◆ ● ▲ ■ ● ● ■ ◆,0
B01_train_1155,▲ ◆ ◆ ◆ ◆ ◆ ◆ ◆,0
B01_train_1156,● ▲ ◆ ▲ ▲ ● ◆ ■,0
B01_train_1157,▲ ● ■ ■ ■ ■ ▲ ■,1
B01_train_1158,◆ ● ■ ▲ ● ▲ ■ ●,1
B01_train_1159,● ■ ▲ ● ■ ▲ ■ ▲,0
B01_train_1160,● ▲ ■ ● ● ▲ ◆ ●,1
B01_train_1161,▲ ■ ● ● ◆ ◆ ▲ ■,1
B01_train_1162,▲ ● ● ▲ ▲ ◆ ◆ ■,0
B01_train_1163,■ ■ ▲ ■ ■ ▲ ■ ▲,0
B01_train_1164,◆ ▲ ◆ ■ ● ▲ ◆ ◆,1
B01_train_1165,◆ ■ ▲ ▲ ● ■ ● ◆,1
B01_train_1166,▲ ● ■ ■ ● ● ▲ ◆,1
B01_train_1167,● ▲ ◆ ◆ ▲ ◆ ● ■,1
B01_train_1168,◆ ◆ ■ ● ■ ● ● ▲,0
B01_train_1169,◆ ▲ ▲ ● ◆ ◆ ■ ■,1
B01_train_1170,▲ ◆ ◆ ● ◆ ● ● ◆,0
B01_train_1171,■ ◆ ■ ◆ ■ ● ▲ ■,0
B01_train_1172,▲ ▲ ● ▲ ◆ ■ ■ ◆,0
B01_train_1173,■ ▲ ■ ■ ■ ◆ ▲ ■,1
B01_train_1174,● ■ ■ ◆ ▲ ■ ● ●,0
B01_train_1175,■ ◆ ● ◆ ● ● ▲ ●,0
B01_train_1176,● ■ ◆ ▲ ■ ● ● ◆,0
B01_train_1177,● ■ ● ▲ ▲ ● ▲ ▲,0
B01_train_1178,■ ■ ■ ▲ ● ◆ ■ ▲,1
B01_train_1179,◆ ■ ▲ ● ▲ ◆ ▲ ▲,0
B01_train_1180,■ ■ ■ ▲ ■ ▲ ● ■,1
B01_train_1181,■ ■ ■ ● ■ ◆ ● ◆,0
B01_train_1182,◆ ▲ ● ▲ ■ ● ● ▲,0
B01_train_1183,■ ▲ ■ ◆ ■ ▲ ■ ●,1
B01_train_1184,■ ◆ ◆ ▲ ▲ ◆ ● ■,1
B01_train_1185,▲ ◆ ● ● ● ● ● ●,0
B01_train_1186,■ ● ▲ ◆ ● ▲ ◆ ◆,1
B01_train_1187,▲ ■ ● ◆ ▲ ▲ ■ ■,0
B01_train_1188,◆ ● ◆ ● ▲ ◆ ● ●,0
B01_train_1189,▲ ▲ ● ● ▲ ■ ● ▲,0
B01_train_1190,◆ ▲ ▲ ● ● ● ◆ ■,1
B01_train_1191,■ ◆ ◆ ■ ◆ ▲ ◆ ■,0
B01_train_1192,▲ ● ▲ ◆ ■ ◆ ◆ ●,1
B01_train_1193,▲ ◆ ● ▲ ▲ ■ ◆ ●,0
B01_train_1194,◆ ■ ■ ◆ ■ ▲ ■ ◆,0
B01_train_1195,◆ ● ■ ● ▲ ● ◆ ◆,0
B01_train_1196,● ▲ ◆ ▲ ◆ ▲ ◆ ▲,0
B01_train_1197,■ ▲ ■ ■ ■ ◆ ▲ ◆,1
B01_train_1198,● ▲ ▲ ◆ ● ◆ ◆ ◆,1
B01_train_1199,◆ ▲ ▲ ■ ● ◆ ◆ ●,1
B01_train_1200,● ▲ ● ■ ● ▲ ▲ ●,0
B01_train_1201,■ ◆ ◆ ■ ● ◆ ■ ●,0
B01_train_1202,● ◆ ● ▲ ■ ■ ▲ ●,1
B01_train_1203,◆ ▲ ◆ ◆ ● ■ ● ●,0
B01_train_1204,■ ▲ ■ ◆ ▲ ■ ● ●,1
B01_train_1205,● ■ ● ● ◆ ● ■ ◆,0
B01_train_1206,■ ● ◆ ■ ■ ● ▲ ◆,0
B01_train_1207,■ ● ◆ ● ▲ ● ▲ ●,1
B01_train_1208,▲ ■ ◆ ● ▲ ◆ ■ ◆,1
B01_train_1209,■ ■ ● ▲ ◆ ▲ ◆ ●,1
B01_train_1210,■ ▲ ● ◆ ▲ ▲ ◆ ◆,0
B01_train_1211,▲ ● ● ◆ ◆ ● ▲ ●,1
B01_train_1212,● ■ ■ ◆ ◆ ● ■ ●,0
B01_train_1213,◆ ● ● ■ ● ■ ▲ ◆,0
B01_train_1214,◆ ■ ◆ ▲ ◆ ● ■ ●,0
B01_train_1215,■ ▲ ■ ● ● ■ ◆ ▲,1
B01_train_1216,● ◆ ◆ ◆ ◆ ◆ ◆ ●,0
B01_train_1217,◆ ◆ ■ ◆ ▲ ■ ■ ■,0
B01_train_1218,▲ ■ ■ ● ■ ◆ ■ ●,0
B01_train_1219,● ■ ● ◆ ■ ◆ ◆ ▲,0
B01_train_1220,◆ ● ● ● ● ● ◆ ■,0
B01_train_1221,◆ ◆ ● ● ▲ ▲ ▲ ▲,0
B01_train_1222,▲ ● ■ ◆ ◆ ◆ ▲ ■,1
B01_train_1223,■ ● ◆ ■ ■ ▲ ▲ ■,1
B01_train_1224,■ ▲ ● ■ ■ ▲ ◆ ◆,1
B01_train_1225,◆ ■ ▲ ● ▲ ◆ ■ ◆,1
B01_train_1226,▲ ■ ▲ ▲ ◆ ◆ ■ ■,0
B01_train_1227,◆ ◆ ■ ● ■ ■ ▲ ●,0
B01_train_1228,● ▲ ● ▲ ■ ■ ● ■,1
B01_train_1229,◆ ■ ● ■ ◆ ◆ ■ ▲,0
B01_train_1230,■ ● ▲ ● ● ■ ◆ ▲,1
B01_train_1231,■ ● ◆ ● ▲ ◆ ● ■,0
B01_train_1232,◆ ▲ ▲ ● ◆ ● ▲ ●,0
B01_train_1233,▲ ▲ ■ ▲ ◆ ◆ ● ▲,0
B01_train_1234,▲ ◆ ■ ▲ ■ ■ ■ ◆,1
B01_train_1235,▲ ▲ ◆ ▲ ■ ◆ ■ ■,0
B01_train_1236,◆ ◆ ▲ ● ▲ ▲ ● ▲,0
B01_train_1237,◆ ◆ ■ ▲ ▲ ● ◆ ■,1
B01_train_1238,● ▲ ◆ ◆ ■ ■ ● ▲,1
B01_train_1239,● ■ ◆ ■ ■ ◆ ● ◆,0
B01_train_1240,◆ ▲ ◆ ■ ● ▲ ▲ ◆,0
B01_train_1241,▲ ■ ● ● ◆ ▲ ■ ●,1
B01_train_1242,▲ ◆ ● ● ● ● ● ■,0
B01_train_1243,◆ ▲ ▲ ◆ ◆ ◆ ■ ●,1
B01_train_1244,■ ▲ ● ▲ ● ■ ▲ ▲,0
B01_train_1245,● ▲ ■ ▲ ● ● ■ ●,1
B01_train_1246,◆ ◆ ● ◆ ■ ● ■ ▲,0
B01_train_1247,▲ ▲ ◆ ● ◆ ▲ ■ ▲,0
B01_train_1248,◆ ● ▲ ● ■ ■ ▲ ▲,0
B01_train_1249,● ■ ▲ ◆ ◆ ● ▲ ■,1
B01_train_1250,● ■ ● ▲ ● ▲ ◆ ■,1
B01_train_1251,■ ◆ ● ■ ◆ ▲ ● ●,0
B01_train_1252,■ ■ ◆ ▲ ◆ ● ● ■,0
B01_train_1253,● ◆ ■ ■ ● ● ■ ●,0
B01_train_1254,■ ▲ ▲ ■ ■ ◆ ● ●,1
B01_train_1255,■ ● ▲ ■ ● ◆ ▲ ●,1
B01_train_1256,◆ ■ ■ ◆ ■ ■ ■ ▲,0
B01_train_1257,▲ ■ ● ▲ ■ ● ◆ ■,1
B01_train_1258,◆ ▲ ■ ◆ ◆ ● ■ ◆,0
B01_train_1259,◆ ● ■ ■ ◆ ● ● ▲,0
B01_train_1260,■ ● ● ■ ▲ ▲ ■ ●,1
B01_train_1261,▲ ◆ ▲ ● ◆ ▲ ◆ ◆,0
B01_train_1262,▲ ■ ● ◆ ● ▲ ■ ●,1
B01_train_1263,■ ▲ ◆ ▲ ■ ▲ ● ▲,0
B01_train_1264,◆ ■ ◆ ● ▲ ▲ ● ■,1
B01_train_1265,◆ ● ▲ ● ■ ● ■ ▲,1
B01_train_1266,■ ▲ ▲ ■ ◆ ● ◆ ■,1
B01_train_1267,▲ ● ■ ▲ ■ ● ■ ◆,1
B01_train_1268,◆ ◆ ◆ ◆ ◆ ▲ ● ▲,1
B01_train_1269,◆ ■ ■ ◆ ▲ ■ ■ ▲,1
B01_train_1270,◆ ■ ◆ ● ▲ ■ ● ◆,0
B01_train_1271,▲ ■ ■ ● ■ ◆ ◆ ▲,1
B01_train_1272,▲ ◆ ▲ ■ ◆ ■ ■ ◆,1
B01_train_1273,▲ ● ● ▲ ▲ ▲ ▲ ●,0
B01_train_1274,▲ ◆ ● ● ● ● ● ▲,1
B01_train_1275,■ ◆ ■ ● ■ ■ ▲ ▲,1
B01_train_1276,▲ ◆ ● ■ ● ▲ ■ ●,1
B01_train_1277,■ ● ■ ■ ◆ ■ ▲ ■,0
B01_train_1278,■ ● ▲ ◆ ■ ● ● ●,0
B01_train_1279,● ▲ ● ■ ■ ▲ ■ ●,1
B01_train_1280,● ■ ◆ ▲ ■ ■ ■ ▲,1
B01_train_1281,● ■ ▲ ■ ● ■ ▲ ▲,0
B01_train_1282,◆ ■ ◆ ● ● ▲ ● ▲,1
B01_train_1283,◆ ◆ ◆ ■ ● ▲ ▲ ▲,0
B01_train_1284,■ ● ■ ▲ ◆ ▲ ● ▲,0
B01_train_1285,◆ ◆ ▲ ● ● ● ◆ ●,0
B01_train_1286,● ◆ ▲ ◆ ● ■ ● ●,0
B01_train_1287,● ▲ ● ● ● ◆ ◆ ■,0
B01_train_1288,■ ● ■ ■ ◆ ■ ◆ ■,0
B01_train_1289,● ▲ ▲ ◆ ■ ◆ ■ ■,1
B01_train_1290,● ■ ● ◆ ● ● ● ▲,0
B01_train_1291,■ ● ▲ ◆ ▲ ▲ ▲ ●,0
B01_train_1292,▲ ■ ■ ◆ ◆ ■ ● ■,0
B01_train_1293,● ◆ ◆ ◆ ◆ ■ ▲ ▲,1
B01_train_1294,▲ ◆ ◆ ■ ● ■ ◆ ◆,0
B01_train_1295,■ ▲ ■ ▲ ◆ ◆ ◆ ■,1
B01_train_1296,■ ▲ ▲ ● ◆ ● ▲ ●,0
B01_train_1297,● ● ▲ ◆ ◆ ◆ ◆ ◆,0
B01_train_1298,▲ ◆ ▲ ◆ ▲ ■ ▲ ▲,0
B01_train_1299,■ ▲ ■ ▲ ● ▲ ● ●,0
B01_train_1300,● ▲ ■ ▲ ● ◆ ■ ■,1
B01_train_1301,▲ ■ ● ◆ ■ ■ ● ●,0
B01_train_1302,● ◆ ◆ ▲ ◆ ▲ ◆ ●,1
B01_train_1303,● ▲ ◆ ▲ ■ ◆ ◆ ●,1
B01_train_1304,◆ ◆ ● ■ ▲ ▲ ■ ●,1
B01_train_1305,■ ▲ ■ ■ ● ● ● ▲,1
B01_train_1306,◆ ◆ ■ ● ▲ ▲ ◆ ●,1
B01_train_1307,● ▲ ▲ ■ ■ ● ● ●,1
B01_train_1308,● ■ ● ▲ ◆ ▲ ■ ●,1
B01_train_1309,■ ● ■ ■ ◆ ▲ ● ■,0
B01_train_1310,◆ ◆ ● ◆ ▲ ■ ● ▲,1
B01_train_1311,● ◆ ◆ ◆ ● ▲ ◆ ■,0
B01_train_1312,■ ▲ ▲ ■ ◆ ● ■ ▲,0
B01_train_1313,■ ▲ ■ ● ● ◆ ● ▲,1
B01_train_1314,◆ ▲ ● ● ◆ ● ▲ ■,1
B01_train_1315,■ ■ ■ ▲ ● ◆ ● ■,0
B01_train_1316,■ ◆ ■ ◆ ◆ ■ ● ▲,0
B01_train_1317,● ◆ ▲ ▲ ◆ ● ■ ■,1
B01_train_1318,● ▲ ▲ ■ ▲ ■ ◆ ■,0
B01_train_1319,◆ ● ● ▲ ▲ ■ ■ ◆,1
B01_train_1320,■ ◆ ◆ ● ■ ▲ ▲ ▲,0
B01_train_1321,● ◆ ◆ ▲ ▲ ■ ● ▲,0
B01_train_1322,▲ ◆ ■ ● ▲ ◆ ■ ■,1
B01_train_1323,▲ ▲ ■ ● ■ ■ ◆ ◆,1
B01_train_1324,◆ ◆ ▲ ▲ ■ ■ ◆ ▲,0
B01_train_1325,■ ▲ ▲ ■ ■ ● ● ●,1
B01_train_1326,● ▲ ■ ▲ ● ■ ▲ ◆,0
B01_train_1327,● ▲ ◆ ● ● ● ▲ ●,1
B01_train_1328,◆ ● ■ ■ ◆ ■ ◆ ▲,0
B01_train_1329,◆ ■ ▲ ● ◆ ▲ ■ ●,1
B01_train_1330,● ● ■ ◆ ▲ ◆ ▲ ■,1
B01_train_1331,■ ■ ▲ ▲ ■ ◆ ● ■,1
B01_train_1332,● ◆ ▲ ◆ ■ ● ■ ▲,1
B01_train_1333,■ ● ◆ ■ ▲ ◆ ◆ ■,0
B01_train_1334,● ■ ◆ ◆ ■ ● ▲ ▲,1
B01_train_1335,● ◆ ● ● ● ● ● ▲,0
B01_train_1336,● ■ ◆ ● ▲ ▲ ■ ▲,0
B01_train_1337,◆ ▲ ● ● ◆ ■ ■ ◆,0
B01_train_1338,● ▲ ■ ■ ◆ ● ● ▲,1
B01_train_1339,▲ ■ ● ■ ▲ ■ ■ ●,1
B01_train_1340,▲ ● ◆ ◆ ◆ ▲ ● ◆,1
B01_train_1341,◆ ■ ▲ ◆ ■ ● ■ ●,0
B01_train_1342,■ ■ ◆ ● ▲ ◆ ◆ ▲,1
B01_train_1343,■ ◆ ● ▲ ● ● ■ ▲,1
B01_train_1344,● ◆ ◆ ◆ ▲ ▲ ◆ ■,1
B01_train_1345,● ▲ ◆ ◆ ◆ ■ ● ◆,0
B01_train_1346,● ■ ▲ ◆ ● ● ■ ▲,1
B01_train_1347,● ● ● ● ◆ ■ ▲ ▲,1
B01_train_1348,■ ▲ ◆ ■ ◆ ▲ ● ●,1
B01_train_1349,■ ◆ ■ ● ■ ◆ ▲ ●,0
B01_train_1350,◆ ■ ● ● ◆ ◆ ◆ ▲,0
B01_train_1351,◆ ● ▲ ◆ ■ ● ◆ ▲,1
B01_train_1352,■ ● ◆ ▲ ■ ● ▲ ■,1
B01_train_1353,◆ ■ ● ◆ ◆ ▲ ● ■,0
B01_train_1354,● ■ ■ ▲ ● ■ ◆ ▲,1
B01_train_1355,■ ◆ ● ▲ ■ ▲ ● ◆,1
B01_train_1356,● ◆ ▲ ▲ ◆ ● ● ●,1
B01_train_1357,◆ ▲ ◆ ◆ ◆ ◆ ■ ●,0
B01_train_1358,● ▲ ◆ ● ▲ ■ ■ ●,1
B01_train_1359,▲ ▲ ◆ ● ◆ ● ■ ◆,1
B01_train_1360,◆ ▲ ▲ ■ ● ■ ● ◆,1
B01_train_1361,■ ◆ ● ● ■ ▲ ■ ▲,1
B01_train_1362,■ ■ ■ ■ ◆ ▲ ● ●,0
B01_train_1363,▲ ■ ■ ■ ■ ● ◆ ▲,1
B01_train_1364,● ◆ ● ◆ ▲ ◆ ◆ ●,0
B01_train_1365,● ▲ ◆ ◆ ● ■ ■ ▲,1
B01_train_1366,▲ ● ▲ ■ ◆ ◆ ● ■,1
B01_train_1367,▲ ■ ■ ● ▲ ■ ▲ ●,0
B01_train_1368,◆ ● ▲ ◆ ◆ ▲ ■ ■,1
B01_train_1369,● ▲ ◆ ● ● ■ ▲ ●,1
B01_train_1370,▲ ◆ ● ● ■ ▲ ■ ■,1
B01_train_1371,● ■ ■ ◆ ■ ● ● ▲,0
B01_train_1372,◆ ■ ■ ■ ● ▲ ● ■,0
B01_train_1373,▲ ● ▲ ◆ ■ ■ ● ●,1
B01_train_1374,▲ ▲ ■ ■ ▲ ■ ◆ ●,0
B01_train_1375,◆ ◆ ● ▲ ■ ▲ ◆ ◆,1
B01_train_1376,■ ▲ ■ ■ ◆ ▲ ■ ▲,0
B01_train_1377,■ ▲ ◆ ● ▲ ◆ ■ ●,1
B01_train_1378,◆ ▲ ● ■ ■ ● ▲ ●,1
B01_train_1379,▲ ◆ ● ◆ ● ■ ◆ ◆,0
B01_train_1380,● ● ■ ▲ ◆ ◆ ◆ ◆,0
B01_train_1381,● ■ ■ ● ▲ ● ■ ▲,1
B01_train_1382,● ▲ ● ◆ ● ▲ ▲ ■,0
B01_train_1383,■ ■ ■ ● ▲ ■ ▲ ■,1
B01_train_1384,■ ■ ▲ ■ ■ ▲ ● ●,1
B01_train_1385,▲ ● ■ ▲ ◆ ● ■ ◆,1
B01_train_1386,◆ ▲ ● ● ▲ ◆ ■ ●,1
B01_train_1387,■ ◆ ● ▲ ■ ■ ▲ ◆,1
B01_train_1388,● ◆ ▲ ● ◆ ▲ ◆ ●,1
B01_train_1389,■ ▲ ▲ ▲ ▲ ▲ ◆ ●,0
B01_train_1390,● ● ▲ ● ◆ ● ▲ ●,1
B01_train_1391,● ● ◆ ● ▲ ● ▲ ■,1
B01_train_1392,● ▲ ◆ ◆ ◆ ▲ ◆ ◆,1
B01_train_1393,■ ▲ ◆ ● ● ▲ ■ ●,1
B01_train_1394,▲ ▲ ■ ◆ ◆ ◆ ■ ■,1
B01_train_1395,◆ ● ◆ ▲ ▲ ▲ ◆ ▲,0
B01_train_1396,◆ ■ ● ■ ● ▲ ▲ ◆,1
B01_train_1397,■ ■ ■ ● ◆ ◆ ▲ ◆,0
B01_train_1398,■ ◆ ■ ■ ▲ ● ● ▲,1
B01_train_1399,▲ ◆ ◆ ■ ◆ ■ ▲ ●,1
B01_train_1400,▲ ● ■ ● ● ■ ● ▲,1
B01_train_1401,■ ▲ ▲ ● ● ◆ ■ ●,1
B01_train_1402,▲ ■ ◆ ■ ● ▲ ■ ▲,0
B01_train_1403,◆ ▲ ◆ ● ◆ ■ ◆ ●,0
B01_train_1404,● ▲ ■ ◆ ◆ ■ ▲ ■,1
B01_train_1405,◆ ◆ ▲ ■ ▲ ■ ■ ■,1
B01_train_1406,● ■ ● ▲ ▲ ● ● ●,1
B01_train_1407,● ◆ ● ■ ● ■ ▲ ▲,1
B01_train_1408,● ▲ ◆ ■ ● ◆ ▲ ●,1
B01_train_1409,■ ■ ▲ ● ▲ ● ◆ ◆,1
B01_train_1410,▲ ■ ● ▲ ◆ ● ● ●,1
B01_train_1411,▲ ◆ ◆ ■ ● ● ▲ ■,1
B01_train_1412,◆ ● ■ ● ▲ ▲ ● ■,1
B01_train_1413,◆ ■ ◆ ▲ ■ ◆ ▲ ▲,0
B01_train_1414,▲ ● ● ◆ ● ◆ ▲ ▲,0
B01_train_1415,● ▲ ● ◆ ▲ ◆ ◆ ▲,0
B01_train_1416,◆ ◆ ◆ ◆ ▲ ● ▲ ■,1
B01_train_1417,● ◆ ▲ ■ ◆ ◆ ▲ ■,1
B01_train_1418,◆ ● ◆ ▲ ● ▲ ■ ◆,1
B01_train_1419,■ ■ ● ▲ ● ● ◆ ●,0
B01_train_1420,◆ ● ■ ■ ● ▲ ◆ ●,0
B01_train_1421,▲ ◆ ◆ ● ▲ ▲ ◆ ▲,0
B01_train_1422,■ ▲ ● ■ ● ▲ ■ ●,1
B01_train_1423,▲ ■ ● ■ ● ◆ ▲ ■,1
B01_train_1424,▲ ◆ ■ ◆ ◆ ▲ ◆ ■,1
B01_train_1425,● ▲ ■ ◆ ● ● ▲ ◆,1
B01_train_1426,■ ■ ● ◆ ◆ ▲ ▲ ◆,1
B01_train_1427,▲ ■ ▲ ▲ ▲ ◆ ■ ■,0
B01_train_1428,◆ ● ◆ ▲ ▲ ● ◆ ▲,0
B01_train_1429,■ ▲ ■ ▲ ● ● ● ■,1
B01_train_1430,◆ ■ ■ ▲ ● ■ ■ ▲,1
B01_train_1431,▲ ● ● ◆ ◆ ● ● ▲,1
B01_train_1432,● ▲ ▲ ■ ▲ ◆ ◆ ■,0
B01_train_1433,■ ● ● ▲ ■ ■ ● ▲,1
B01_train_1434,■ ▲ ◆ ● ● ▲ ◆ ●,1
B01_train_1435,● ■ ● ◆ ■ ● ▲ ●,0
B01_train_1436,■ ▲ ■ ▲ ● ■ ■ ●,1
B01_train_1437,■ ▲ ■ ■ ● ● ◆ ■,0
B01_train_1438,▲ ■ ● ■ ■ ● ● ●,0
B01_train_1439,■ ● ● ◆ ■ ▲ ▲ ●,1
B01_train_1440,◆ ▲ ● ■ ◆ ● ■ ●,0
B01_train_1441,■ ■ ● ● ▲ ■ ▲ ■,1
B01_train_1442,■ ● ● ▲ ● ▲ ■ ●,1
B01_train_1443,■ ● ◆ ◆ ▲ ◆ ▲ ●,1
B01_train_1444,■ ● ▲ ◆ ■ ◆ ■ ▲,1
B01_train_1445,▲ ◆ ● ▲ ● ■ ● ■,1
B01_train_1446,● ● ◆ ▲ ▲ ● ▲ ■,0
B01_train_1447,■ ◆ ◆ ◆ ■ ◆ ▲ ■,0
B01_train_1448,● ▲ ■ ▲ ◆ ▲ ◆ ▲,0
B01_train_1449,▲ ● ◆ ■ ● ◆ ◆ ▲,1
B01_train_1450,◆ ▲ ▲ ● ● ● ■ ◆,1
B01_train_1451,■ ■ ◆ ● ● ▲ ◆ ◆,0
B01_train_1452,■ ■ ● ● ◆ ◆ ◆ ●,0
B01_train_1453,▲ ▲ ◆ ● ▲ ■ ▲ ■,0
B01_train_1454,◆ ◆ ◆ ■ ● ● ■ ◆,0
B01_train_1455,▲ ■ ◆ ■ ● ■ ◆ ■,0
B01_train_1456,■ ◆ ▲ ▲ ◆ ▲ ■ ■,0
B01_train_1457,▲ ■ ▲ ● ◆ ● ◆ ●,1
B01_train_1458,◆ ● ◆ ▲ ● ▲ ■ ◆,1
B01_train_1459,● ▲ ■ ◆ ● ■ ● ●,0
B01_train_1460,◆ ● ◆ ● ■ ● ■ ◆,0
B01_train_1461,■ ■ ◆ ▲ ▲ ■ ▲ ■,0
B01_train_1462,◆ ▲ ▲ ■ ▲ ◆ ▲ ■,0
B01_train_1463,◆ ● ■ ▲ ▲ ◆ ● ●,1
B01_train_1464,● ◆ ■ ● ▲ ● ▲ ◆,1
B01_train_1465,◆ ● ▲ ■ ◆ ■ ■ ▲,1
B01_train_1466,▲ ■ ■ ▲ ■ ◆ ▲ ●,0
B01_train_1467,● ◆ ● ◆ ◆ ◆ ■ ▲,0
B01_train_1468,◆ ◆ ▲ ● ◆ ▲ ▲ ■,0
B01_train_1469,◆ ◆ ● ● ▲ ■ ▲ ■,1
B01_train_1470,▲ ◆ ● ▲ ■ ◆ ◆ ■,1
B01_train_1471,● ● ▲ ◆ ◆ ● ■ ●,0
B01_train_1472,◆ ▲ ▲ ● ▲ ▲ ▲ ■,0
B01_train_1473,● ▲ ■ ● ◆ ■ ◆ ●,0
B01_train_1474,■ ▲ ▲ ▲ ▲ ■ ● ◆,0
B01_train_1475,■ ◆ ● ▲ ● ◆ ▲ ◆,1
B01_train_1476,▲ ▲ ■ ■ ■ ◆ ● ●,1
B01_train_1477,● ■ ● ● ◆ ◆ ▲ ▲,1
B01_train_1478,◆ ◆ ■ ● ■ ◆ ◆ ■,0
B01_train_1479,▲ ◆ ● ▲ ● ◆ ◆ ■,1
B01_train_1480,◆ ■ ■ ■ ■ ■ ◆ ■,0
B01_train_1481,▲ ■ ▲ ■ ◆ ● ▲ ■,0
B01_train_1482,◆ ▲ ◆ ▲ ● ■ ■ ▲,0
B01_train_1483,■ ▲ ● ■ ◆ ◆ ■ ●,0
B01_train_1484,■ ▲ ▲ ● ● ▲ ▲ ▲,0
B01_train_1485,■ ◆ ▲ ◆ ● ▲ ▲ ▲,0
B01_train_1486,■ ■ ▲ ◆ ▲ ▲ ◆ ●,0
B01_train_1487,● ◆ ■ ■ ■ ◆ ● ◆,0
B01_train_1488,● ◆ ● ◆ ■ ■ ◆ ●,0
B01_train_1489,◆ ■ ● ■ ■ ▲ ■ ●,0
B01_train_1490,▲ ◆ ▲ ◆ ■ ■ ● ●,1
B01_train_1491,◆ ◆ ■ ■ ▲ ▲ ■ ◆,1
B01_train_1492,◆ ◆ ■ ▲ ▲ ▲ ▲ ■,0
B01_train_1493,● ■ ◆ ◆ ◆ ▲ ■ ■,0
B01_train_1494,◆ ● ▲ ▲ ◆ ◆ ● ▲,0
B01_train_1495,▲ ◆ ▲ ■ ● ■ ◆ ◆,1
B01_train_1496,■ ● ▲ ▲ ■ ▲ ■ ■,0
B01_train_1497,▲ ▲ ● ● ▲ ● ◆ ●,0
B01_train_1498,● ● ● ● ● ■ ◆ ■,0
B01_train_1499,▲ ● ● ● ▲ ● ◆ ■,1
B01_train_1500,■ ■ ▲ ◆ ▲ ■ ● ●,1
B01_train_1501,■ ▲ ◆ ● ▲ ● ● ■,1
B01_train_1502,● ◆ ● ● ▲ ▲ ● ●,1
B01_train_1503,● ◆ ▲ ● ◆ ▲ ■ ■,1
B01_train_1504,■ ◆ ■ ● ■ ▲ ◆ ▲,1
B01_train_1505,■ ◆ ● ◆ ▲ ■ ◆ ■,0
B01_train_1506,◆ ▲ ● ▲ ◆ ● ■ ●,1
B01_train_1507,◆ ▲ ▲ ▲ ■ ■ ▲ ▲,0
B01_train_1508,● ■ ■ ■ ● ▲ ◆ ◆,0
B01_train_1509,▲ ◆ ▲ ◆ ● ◆ ● ■,1
B01_train_1510,● ■ ◆ ● ● ▲ ▲ ●,1
B01_train_1511,▲ ■ ▲ ■ ● ● ■ ■,1
B01_train_1512,● ▲ ■ ■ ● ■ ◆ ●,0
B01_train_1513,▲ ● ■ ▲ ◆ ■ ● ●,1
B01_train_1514,▲ ■ ◆ ◆ ▲ ● ▲ ●,0
B01_train_1515,◆ ● ■ ◆ ▲ ■ ● ◆,0
B01_train_1516,■ ◆ ■ ◆ ■ ■ ■ ●,0
B01_train_1517,▲ ■ ■ ▲ ◆ ◆ ■ ◆,1
B01_train_1518,● ◆ ● ■ ▲ ▲ ◆ ◆,1
B01_train_1519,● ▲ ◆ ■ ◆ ◆ ▲ ▲,0
B01_train_1520,◆ ● ● ◆ ▲ ▲ ■ ◆,1
B01_train_1521,◆ ● ▲ ■ ● ▲ ◆ ●,1
B01_train_1522,■ ● ● ● ◆ ◆ ■ ▲,0
B01_train_1523,● ● ● ● ■ ■ ◆ ■,0
B01_train_1524,◆ ▲ ■ ● ▲ ▲ ■ ●,0
B01_train_1525,◆ ■ ◆ ◆ ■ ■ ◆ ●,0
B01_train_1526,■ ■ ◆ ▲ ● ◆ ■ ●,0
B01_train_1527,● ◆ ■ ▲ ■ ● ▲ ◆,1
B01_train_1528,● ● ■ ◆ ● ■ ▲ ●,0
B01_train_1529,▲ ■ ■ ■ ◆ ● ■ ▲,1
B01_train_1530,▲ ▲ ■ ◆ ■ ■ ◆ ◆,1
B01_train_1531,■ ● ● ◆ ◆ ▲ ● ■,0
B01_train_1532,● ● ◆ ▲ ▲ ◆ ■ ◆,1
B01_train_1533,◆ ◆ ■ ▲ ● ● ▲ ■,1
B01_train_1534,▲ ● ▲ ▲ ▲ ● ■ ■,0
B01_train_1535,■ ▲ ● ■ ◆ ■ ● ▲,1
B01_train_1536,● ■ ▲ ▲ ■ ▲ ■ ●,0
B01_train_1537,▲ ■ ■ ● ▲ ◆ ▲ ▲,0
B01_train_1538,▲ ▲ ■ ● ● ● ● ■,1
B01_train_1539,■ ▲ ▲ ● ■ ◆ ▲ ◆,0
B01_train_1540,◆ ◆ ▲ ◆ ■ ▲ ■ ●,1
B01_train_1541,▲ ● ● ◆ ◆ ■ ● ▲,1
B01_train_1542,▲ ■ ■ ▲ ◆ ◆ ● ■,1
B01_train_1543,◆ ■ ● ▲ ▲ ● ■ ◆,1
B01_train_1544,▲ ◆ ◆ ● ◆ ◆ ◆ ▲,1
B01_train_1545,▲ ■ ● ◆ ▲ ◆ ● ◆,1
B01_train_1546,● ■ ◆ ● ■ ◆ ■ ■,0
B01_train_1547,■ ■ ◆ ■ ● ▲ ■ ■,0
B01_train_1548,● ▲ ● ■ ▲ ◆ ◆ ●,1
B01_train_1549,◆ ▲ ◆ ▲ ● ▲ ■ ●,0
B01_train_1550,● ● ▲ ▲ ◆ ■ ● ◆,1
B01_train_1551,● ● ● ◆ ◆ ◆ ◆ ◆,0
B01_train_1552,◆ ▲ ● ▲ ▲ ● ◆ ▲,0
B01_train_1553,● ◆ ◆ ◆ ◆ ■ ◆ ■,0
B01_train_1554,▲ ■ ◆ ● ◆ ● ■ ▲,1
B01_train_1555,◆ ◆ ◆ ● ◆ ▲ ◆ ◆,0
B01_train_1556,● ■ ■ ▲ ● ◆ ● ▲,1
B01_train_1557,◆ ◆ ■ ■ ▲ ■ ◆ ▲,1
B01_train_1558,▲ ◆ ■ ◆ ▲ ▲ ■ ■,0
B01_train_1559,● ◆ ◆ ◆ ▲ ◆ ◆ ◆,0
B01_train_1560,■ ● ◆ ▲ ■ ◆ ▲ ◆,1
B01_train_1561,▲ ■ ▲ ◆ ● ◆ ■ ◆,1
B01_train_1562,▲ ▲ ◆ ■ ▲ ● ◆ ●,0
B01_train_1563,■ ▲ ● ▲ ● ● ■ ■,1
B01_train_1564,■ ■ ■ ▲ ◆ ▲ ● ◆,1
B01_train_1565,◆ ◆ ● ■ ● ◆ ● ▲,0
B01_train_1566,▲ ● ◆ ■ ▲ ▲ ■ ▲,0
B01_train_1567,■ ◆ ■ ● ● ◆ ◆ ▲,0
B01_train_1568,▲ ◆ ▲ ◆ ▲ ■ ■ ●,0
B01_train_1569,◆ ▲ ◆ ▲ ▲ ◆ ▲ ◆,0
B01_train_1570,◆ ● ▲ ● ▲ ◆ ◆ ●,1
B01_train_1571,▲ ◆ ◆ ◆ ● ▲ ■ ■,1
B01_train_1572,▲ ● ◆ ● ■ ■ ■ ▲,1
B01_train_1573,■ ◆ ▲ ● ● ● ◆ ◆,0
B01_train_1574,■ ■ ◆ ▲ ◆ ▲ ◆ ▲,0
B01_train_1575,■ ◆ ● ◆ ▲ ● ▲ ◆,1
B01_train_1576,■ ● ■ ◆ ▲ ● ■ ▲,1
B01_train_1577,▲ ■ ◆ ● ● ▲ ● ●,1
B01_train_1578,■ ◆ ▲ ▲ ● ● ◆ ■,1
B01_train_1579,■ ■ ▲ ◆ ● ■ ● ●,0
B01_train_1580,■ ■ ▲ ◆ ◆ ● ▲ ■,1
B01_train_1581,■ ● ▲ ▲ ● ■ ■ ●,1
B01_train_1582,● ▲ ● ◆ ● ◆ ● ▲,1
B01_train_1583,◆ ▲ ◆ ◆ ◆ ◆ ▲ ■,1
B01_train_1584,◆ ▲ ▲ ▲ ◆ ◆ ● ◆,0
B01_train_1585,■ ◆ ■ ● ● ▲ ■ ▲,1
B01_train_1586,◆ ■ ● ▲ ◆ ■ ▲ ◆,1
B01_train_1587,■ ▲ ▲ ■ ■ ■ ◆ ■,1
B01_train_1588,■ ◆ ▲ ■ ■ ◆ ● ◆,0
B01_train_1589,◆ ● ◆ ▲ ◆ ◆ ● ●,0
B01_train_1590,■ ▲ ◆ ● ▲ ▲ ▲ ●,0
B01_train_1591,▲ ● ● ■ ● ◆ ● ▲,1
B01_train_1592,▲ ● ■ ◆ ◆ ▲ ● ■,1
B01_train_1593,▲ ◆ ◆ ◆ ● ■ ▲ ●,1
B01_train_1594,■ ■ ■ ■ ● ◆ ● ■,0
B01_train_1595,■ ▲ ◆ ◆ ▲ ▲ ◆ ◆,0
B01_train_1596,● ▲ ▲ ■ ◆ ◆ ◆ ◆,1
B01_train_1597,● ▲ ◆ ● ● ● ▲ ●,1
B01_train_1598,● ■ ■ ■ ● ▲ ▲ ■,1
B01_train_1599,● ◆ ▲ ■ ◆ ● ▲ ●,1
B01_train_1600,◆ ● ● ● ● ● ■ ◆,0
B01_train_1601,◆ ◆ ▲ ◆ ▲ ● ● ◆,1
B01_train_1602,◆ ▲ ■ ■ ◆ ◆ ▲ ■,1
B01_train_1603,◆ ◆ ◆ ▲ ◆ ▲ ◆ ■,1
B01_train_1604,■ ▲ ■ ◆ ◆ ◆ ▲ ▲,0
B01_train_1605,▲ ▲ ■ ● ■ ◆ ● ●,1
B01_train_1606,■ ◆ ● ▲ ▲ ● ■ ◆,1
B01_train_1607,◆ ■ ▲ ● ▲ ◆ ◆ ▲,0
B01_train_1608,◆ ● ◆ ■ ● ▲ ▲ ■,1
B01_train_1609,◆ ▲ ▲ ● ■ ◆ ● ■,1
B01_train_1610,◆ ● ● ■ ▲ ▲ ● ●,1
B01_train_1611,■ ▲ ▲ ■ ◆ ● ◆ ▲,0
B01_train_1612,▲ ◆ ■ ● ▲ ● ■ ●,1
B01_train_1613,▲ ◆ ◆ ▲ ▲ ■ ◆ ●,0
B01_train_1614,● ▲ ◆ ◆ ■ ● ◆ ■,0
B01_train_1615,■ ■ ▲ ▲ ● ■ ● ■,1
B01_train_1616,◆ ● ■ ● ● ▲ ◆ ◆,0
B01_train_1617,▲ ◆ ◆ ● ● ■ ▲ ●,1
B01_train_1618,■ ▲ ● ◆ ◆ ◆ ◆ ◆,0
B01_train_1619,● ● ● ▲ ◆ ● ■ ▲,1
B01_train_1620,● ● ▲ ▲ ● ■ ◆ ▲,0
B01_train_1621,■ ● ◆ ◆ ● ▲ ▲ ▲,0
B01_train_1622,■ ◆ ◆ ■ ▲ ■ ◆ ●,0
B01_train_1623,■ ■ ◆ ■ ▲ ◆ ● ●,0
B01_train_1624,▲ ◆ ▲ ■ ■ ▲ ■ ▲,0
B01_train_1625,▲ ■ ● ▲ ■ ◆ ◆ ■,1
B01_train_1626,▲ ■ ■ ■ ● ● ■ ◆,0
B01_train_1627,▲ ● ● ● ● ■ ◆ ▲,1
B01_train_1628,▲ ◆ ● ● ■ ▲ ● ■,1
B01_train_1629,■ ◆ ● ● ■ ▲ ● ●,0
B01_train_1630,▲ ◆ ■ ◆ ▲ ▲ ● ■,0
B01_train_1631,▲ ▲ ● ◆ ■ ● ◆ ■,1
B01_train_1632,● ▲ ■ ▲ ● ◆ ● ■,1
B01_train_1633,■ ▲ ■ ● ◆ ■ ■ ●,0
B01_train_1634,● ▲ ▲ ◆ ◆ ■ ◆ ■,1
B01_train_1635,◆ ■ ■ ◆ ■ ● ◆ ■,0
B01_train_1636,▲ ◆ ■ ● ● ● ▲ ◆,1
B01_train_1637,■ ◆ ▲ ■ ● ◆ ▲ ◆,1
B01_train_1638,▲ ◆ ■ ■ ◆ ◆ ◆ ●,0
B01_train_1639,◆ ■ ■ ◆ ● ■ ▲ ▲,1
B01_train_1640,▲ ■ ■ ◆ ▲ ● ◆ ◆,1
B01_train_1641,■ ▲ ■ ◆ ● ▲ ◆ ◆,1
B01_train_1642,■ ▲ ▲ ● ▲ ● ■ ●,0
B01_train_1643,▲ ● ● ● ▲ ■ ▲ ■,0
B01_train_1644,● ■ ▲ ■ ● ■ ▲ ●,1
B01_train_1645,■ ◆ ● ■ ■ ● ◆ ◆,0
B01_train_1646,● ■ ◆ ◆ ▲ ◆ ▲ ▲,0
B01_train_1647,● ● ■ ▲ ● ▲ ▲ ■,0
B01_train_1648,▲ ◆ ◆ ● ■ ◆ ■ ▲,1
B01_train_1649,● ● ▲ ■ ● ● ■ ▲,1
B01_train_1650,■ ◆ ▲ ● ◆ ◆ ■ ▲,1
B01_train_1651,◆ ■ ● ■ ■ ● ◆ ■,0
B01_train_1652,◆ ● ◆ ◆ ◆ ● ● ▲,0
B01_train_1653,▲ ◆ ● ◆ ▲ ■ ● ●,1
B01_train_1654,■ ◆ ■ ▲ ● ▲ ● ●,1
B01_train_1655,● ● ■ ◆ ◆ ◆ ▲ ▲,1
B01_train_1656,● ■ ■ ▲ ▲ ● ◆ ■,1
B01_train_1657,■ ▲ ● ▲ ● ● ▲ ▲,0
B01_train_1658,▲ ▲ ● ◆ ◆ ◆ ● ▲,0
B01_train_1659,■ ● ◆ ■ ▲ ● ◆ ■,0
B01_train_1660,■ ■ ● ▲ ■ ▲ ● ▲,0
B01_train_1661,▲ ● ● ■ ◆ ■ ◆ ◆,0
B01_train_1662,◆ ◆ ■ ◆ ▲ ▲ ■ ◆,1
B01_train_1663,● ▲ ● ● ■ ▲ ■ ●,1
B01_train_1664,◆ ● ■ ● ▲ ◆ ▲ ●,1
B01_train_1665,■ ▲ ▲ ◆ ● ■ ● ◆,1
B01_train_1666,▲ ■ ◆ ◆ ◆ ● ▲ ▲,0
B01_train_1667,▲ ● ● ● ▲ ▲ ■ ▲,0
B01_train_1668,◆ ◆ ▲ ■ ■ ● ▲ ■,1
B01_train_1669,■ ● ■ ◆ ◆ ■ ● ◆,0
B01_train_1670,◆ ◆ ● ● ● ■ ◆ ●,0
B01_train_1671,◆ ■ ● ◆ ▲ ■ ▲ ◆,1
B01_train_1672,■ ◆ ▲ ▲ ■ ◆ ● ●,1
B01_train_1673,◆ ▲ ■ ◆ ▲ ◆ ■ ●,1
B01_train_1674,▲ ■ ◆ ▲ ● ■ ◆ ▲,0
B01_train_1675,◆ ● ▲ ■ ◆ ▲ ● ■,1
B01_train_1676,■ ▲ ● ▲ ▲ ● ● ■,0
B01_train_1677,▲ ● ■ ● ■ ▲ ● ▲,0
B01_train_1678,◆ ● ▲ ▲ ◆ ◆ ◆ ●,1
B01_train_1679,◆ ◆ ● ◆ ■ ■ ▲ ▲,1
B01_train_1680,● ◆ ▲ ◆ ▲ ● ● ●,1
B01_train_1681,◆ ▲ ◆ ■ ◆ ▲ ◆ ▲,0
B01_train_1682,▲ ■ ■ ▲ ● ● ■ ◆,1
B01_train_1683,◆ ◆ ■ ■ ■ ■ ■ ●,0
B01_train_1684,■ ● ▲ ■ ◆ ▲ ▲ ■,0
B01_train_1685,■ ▲ ■ ▲ ◆ ▲ ◆ ◆,0
B01_train_1686,▲ ■ ■ ◆ ▲ ◆ ▲ ■,0
B01_train_1687,● ◆ ▲ ◆ ● ◆ ● ◆,0
B01_train_1688,◆ ■ ● ◆ ◆ ▲ ◆ ▲,1
B01_train_1689,● ◆ ■ ◆ ▲ ■ ● ●,0
B01_train_1690,■ ■ ▲ ◆ ▲ ◆ ■ ■,1
B01_train_1691,◆ ▲ ● ◆ ■ ◆ ● ◆,0
B01_train_1692,● ◆ ◆ ■ ■ ▲ ● ▲,1
B01_train_1693,◆ ● ▲ ● ▲ ■ ■ ●,1
B01_train_1694,◆ ■ ■ ● ◆ ▲ ● ▲,1
B01_train_1695,● ▲ ■ ● ● ● ▲ ●,1
B01_train_1696,◆ ◆ ◆ ▲ ▲ ■ ◆ ■,1
B01_train_1697,▲ ◆ ■ ■ ● ◆ ▲ ■,1
B01_train_1698,● ▲ ■ ▲ ■ ■ ▲ ◆,0
B01_train_1699,▲ ● ■ ◆ ◆ ■ ▲ ■,1
B01_train_1700,▲ ● ◆ ■ ▲ ◆ ◆ ●,1
B01_train_1701,◆ ◆ ▲ ● ● ◆ ■ ●,0
B01_train_1702,■ ● ◆ ● ● ■ ▲ ●,0
B01_train_1703,◆ ■ ■ ◆ ◆ ■ ◆ ▲,0
B01_train_1704,■ ▲ ◆ ◆ ■ ■ ● ◆,0
B01_train_1705,◆ ◆ ▲ ▲ ▲ ▲ ◆ ■,0
B01_train_1706,■ ● ◆ ● ◆ ● ● ■,0
B01_train_1707,◆ ▲ ● ● ▲ ■ ▲ ■,0
B01_train_1708,◆ ● ◆ ▲ ▲ ◆ ● ◆,1
B01_train_1709,● ● ■ ▲ ● ◆ ▲ ●,1
B01_train_1710,■ ● ● ■ ● ■ ● ■,0
B01_train_1711,■ ● ■ ▲ ■ ■ ▲ ◆,1
B01_train_1712,■ ■ ■ ◆ ● ■ ■ ◆,0
B01_train_1713,◆ ▲ ◆ ▲ ◆ ● ● ◆,1
B01_train_1714,▲ ● ▲ ■ ● ◆ ◆ ■,1
B01_train_1715,● ■ ■ ■ ■ ▲ ▲ ◆,1
B01_train_1716,▲ ● ■ ● ▲ ● ● ●,1
B01_train_1717,◆ ◆ ● ● ▲ ● ▲ ■,1
B01_train_1718,● ◆ ■ ◆ ▲ ◆ ■ ▲,1
B01_train_1719,▲ ● ● ◆ ■ ■ ▲ ▲,0
B01_train_1720,▲ ◆ ● ▲ ■ ◆ ■ ■,1
B01_train_1721,● ● ◆ ▲ ● ● ■ ▲,1
B01_train_1722,◆ ▲ ▲ ◆ ■ ■ ■ ■,1
B01_train_1723,● ◆ ● ◆ ▲ ◆ ● ◆,0
B01_train_1724,■ ▲ ▲ ● ◆ ● ▲ ◆,0
B01_train_1725,● ■ ◆ ◆ ■ ▲ ● ■,0
B01_train_1726,◆ ◆ ■ ◆ ■ ▲ ▲ ●,1
B01_train_1727,▲ ■ ▲ ■ ● ● ● ▲,0
B01_train_1728,■ ■ ■ ▲ ▲ ■ ▲ ●,0
B01_train_1729,◆ ■ ● ● ● ● ■ ■,0
B01_train_1730,◆ ● ■ ◆ ● ▲ ◆ ◆,0
B01_train_1731,■ ◆ ● ■ ■ ◆ ◆ ◆,0
B01_train_1732,◆ ■ ▲ ■ ■ ● ● ◆,0
B01_train_1733,■ ● ● ● ◆ ◆ ▲ ◆,0
B01_train_1734,▲ ● ▲ ■ ■ ■ ■ ◆,1
B01_train_1735,● ■ ■ ◆ ◆ ◆ ◆ ■,0
B01_train_1736,● ◆ ■ ◆ ▲ ■ ◆ ▲,1
B01_train_1737,◆ ● ● ■ ● ■ ◆ ◆,0
B01_train_1738,▲ ▲ ■ ■ ● ◆ ◆ ▲,0
B01_train_1739,▲ ■ ● ● ■ ● ■ ▲,1
B01_train_1740,◆ ▲ ▲ ◆ ◆ ■ ▲ ▲,0
B01_train_1741,● ◆ ◆ ● ■ ■ ● ■,0
B01_train_1742,● ◆ ▲ ● ◆ ● ▲ ●,1
B01_train_1743,■ ● ▲ ▲ ◆ ▲ ■ ▲,0
B01_train_1744,▲ ■ ◆ ▲ ● ■ ■ ▲,0
B01_train_1745,◆ ▲ ■ ■ ◆ ◆ ▲ ●,1
B01_train_1746,▲ ■ ◆ ◆ ■ ◆ ■ ■,0
B01_train_1747,■ ▲ ▲ ● ◆ ◆ ◆ ■,1
B01_train_1748,◆ ▲ ◆ ◆ ■ ▲ ◆ ▲,0
B01_train_1749,● ● ● ▲ ◆ ■ ▲ ◆,1
B01_train_1750,● ◆ ▲ ◆ ■ ▲ ▲ ▲,0
B01_train_1751,▲ ◆ ◆ ● ● ▲ ◆ ◆,1
B01_train_1752,▲ ◆ ■ ◆ ■ ◆ ■ ●,0
B01_train_1753,◆ ▲ ■ ● ■ ◆ ● ●,0
B01_train_1754,■ ■ ◆ ◆ ◆ ▲ ◆ ◆,0
B01_train_1755,● ◆ ■ ■ ■ ▲ ■ ●,0
B01_train_1756,▲ ● ● ▲ ● ◆ ● ■,1
B01_train_1757,■ ■ ● ● ▲ ● ● ●,0
B01_train_1758,● ◆ ■ ▲ ■ ▲ ▲ ■,0
B01_train_1759,■ ◆ ◆ ● ■ ▲ ◆ ▲,1
B01_train_1760,◆ ◆ ◆ ▲ ▲ ▲ ● ■,0
B01_train_1761,■ ▲ ■ ● ■ ▲ ◆ ●,1
B01_train_1762,▲ ◆ ◆ ◆ ▲ ◆ ● ◆,1
B01_train_1763,◆ ▲ ■ ● ● ◆ ◆ ▲,1
B01_train_1764,■ ◆ ▲ ▲ ● ● ◆ ●,1
B01_train_1765,● ■ ◆ ● ● ■ ◆ ■,0
B01_train_1766,■ ■ ◆ ◆ ● ● ■ ●,0
B01_train_1767,▲ ▲ ▲ ● ◆ ◆ ■ ■,0
B01_train_1768,◆ ▲ ◆ ● ▲ ◆ ● ●,1
B01_train_1769,■ ▲ ▲ ▲ ◆ ◆ ◆ ■,0
B01_train_1770,▲ ● ● ● ▲ ● ◆ ▲,0
B01_train_1771,■ ● ■ ● ■ ▲ ◆ ▲,1
B01_train_1772,■ ▲ ◆ ◆ ● ◆ ◆ ▲,1
B01_train_1773,■ ■ ◆ ■ ◆ ■ ▲ ▲,1
B01_train_1774,◆ ▲ ■ ● ◆ ◆ ▲ ▲,0
B01_train_1775,■ ● ◆ ▲ ◆ ● ◆ ◆,0
B01_train_1776,■ ◆ ■ ▲ ● ▲ ● ●,1
B01_train_1777,● ◆ ▲ ■ ◆ ▲ ■ ■,1
B01_train_1778,◆ ◆ ● ■ ▲ ▲ ◆ ●,1
B01_train_1779,◆ ◆ ◆ ◆ ▲ ● ▲ ◆,1
B01_train_1780,◆ ● ● ◆ ■ ● ◆ ●,0
B01_train_1781,■ ▲ ■ ◆ ■ ◆ ◆ ●,0
B01_train_1782,▲ ◆ ● ◆ ● ▲ ▲ ▲,0
B01_train_1783,● ■ ▲ ◆ ● ■ ▲ ●,1
B01_train_1784,▲ ◆ ● ▲ ▲ ▲ ◆ ●,0
B01_train_1785,● ● ● ◆ ▲ ▲ ◆ ●,1
B01_train_1786,■ ▲ ▲ ◆ ▲ ● ■ ◆,0
B01_train_1787,● ▲ ● ◆ ■ ▲ ● ◆,1
B01_train_1788,◆ ● ◆ ▲ ■ ◆ ● ●,0
B01_train_1789,● ◆ ▲ ▲ ▲ ▲ ◆ ▲,0
B01_train_1790,● ▲ ▲ ■ ▲ ● ■ ◆,0
B01_train_1791,■ ▲ ▲ ● ▲ ◆ ● ●,0
B01_train_1792,● ■ ▲ ◆ ◆ ● ◆ ■,0
B01_train_1793,● ◆ ▲ ▲ ■ ▲ ◆ ■,0
B01_train_1794,▲ ● ◆ ● ◆ ◆ ▲ ■,1
B01_train_1795,■ ■ ● ▲ ■ ◆ ■ ●,0
B01_train_1796,■ ▲ ▲ ◆ ▲ ■ ● ■,0
B01_train_1797,■ ◆ ■ ◆ ■ ◆ ■ ■,0
B01_train_1798,▲ ▲ ◆ ■ ◆ ● ◆ ▲,0
B01_train_1799,◆ ◆ ◆ ● ■ ● ■ ◆,0
B01_train_1800,▲ ▲ ● ● ◆ ● ● ◆,1
B01_train_1801,▲ ◆ ■ ■ ▲ ■ ■ ■,1
B01_train_1802,▲ ● ◆ ■ ▲ ■ ● ▲,0
B01_train_1803,● ▲ ● ▲ ▲ ▲ ◆ ●,0
B01_train_1804,■ ◆ ● ■ ▲ ■ ■ ■,0
B01_train_1805,● ▲ ● ◆ ■ ◆ ▲ ●,1
B01_train_1806,◆ ● ▲ ◆ ▲ ◆ ◆ ■,1
B01_train_1807,▲ ■ ● ■ ● ● ■ ◆,0
B01_train_1808,◆ ▲ ● ■ ■ ■ ● ◆,0
B01_train_1809,■ ◆ ◆ ● ▲ ● ▲ ●,1
B01_train_1810,■ ▲ ● ▲ ▲ ▲ ■ ■,0
B01_train_1811,● ■ ■ ▲ ● ▲ ◆ ●,1
B01_train_1812,■ ▲ ● ■ ● ■ ◆ ▲,1
B01_train_1813,▲ ■ ◆ ◆ ◆ ▲ ▲ ●,0
B01_train_1814,● ■ ■ ■ ▲ ● ● ●,0
B01_train_1815,● ▲ ■ ▲ ● ● ▲ ●,0
B01_train_1816,● ▲ ■ ● ◆ ● ▲ ◆,1
B01_train_1817,◆ ◆ ◆ ▲ ▲ ■ ● ◆,1
B01_train_1818,▲ ◆ ▲ ◆ ■ ◆ ■ ●,1
B01_train_1819,▲ ■ ■ ▲ ◆ ▲ ■ ◆,0
B01_train_1820,▲ ◆ ● ◆ ● ● ◆ ◆,0
B01_train_1821,■ ● ■ ● ■ ■ ■ ●,0
B01_train_1822,● ■ ◆ ● ◆ ■ ◆ ◆,0
B01_train_1823,● ▲ ● ■ ■ ◆ ● ▲,1
B01_train_1824,◆ ▲ ● ■ ◆ ● ■ ▲,1
B01_train_1825,● ■ ■ ■ ■ ■ ◆ ■,0
B01_train_1826,▲ ■ ◆ ■ ■ ▲ ● ■,1
B01_train_1827,▲ ◆ ▲ ● ■ ● ● ●,1
B01_train_1828,● ◆ ■ ■ ■ ◆ ● ◆,0
B01_train_1829,■ ● ◆ ■ ● ● ◆ ◆,0
B01_train_1830,■ ● ◆ ● ▲ ▲ ■ ●,1
B01_train_1831,◆ ■ ■ ◆ ◆ ■ ◆ ◆,0
B01_train_1832,◆ ▲ ■ ◆ ■ ● ◆ ◆,0
B01_train_1833,▲ ◆ ▲ ■ ● ◆ ● ◆,1
B01_train_1834,■ ■ ◆ ◆ ● ■ ● ◆,0
B01_train_1835,▲ ◆ ◆ ▲ ◆ ● ■ ■,1
B01_train_1836,● ▲ ◆ ● ▲ ● ▲ ■,0
B01_train_1837,● ● ■ ▲ ■ ● ● ▲,1
B01_train_1838,● ▲ ● ◆ ◆ ● ■ ■,0
B01_train_1839,◆ ● ■ ◆ ◆ ◆ ● ▲,0
B01_train_1840,◆ ▲ ● ● ▲ ▲ ● ■,0
B01_train_1841,◆ ◆ ◆ ◆ ■ ■ ▲ ▲,1
B01_train_1842,■ ◆ ● ● ■ ■ ■ ▲,0
B01_train_1843,■ ● ■ ◆ ▲ ● ◆ ◆,0
B01_train_1844,◆ ◆ ◆ ■ ▲ ■ ● ▲,1
B01_train_1845,◆ ▲ ● ■ ● ■ ● ▲,1
B01_train_1846,■ ● ▲ ● ● ◆ ▲ ■,1
B01_train_1847,◆ ▲ ■ ▲ ■ ■ ◆ ■,1
B01_train_1848,● ■ ● ● ▲ ■ ● ▲,1
B01_train_1849,▲ ■ ▲ ◆ ● ● ▲ ◆,0
B01_train_1850,■ ▲ ▲ ▲ ● ◆ ◆ ●,0
B01_train_1851,● ◆ ◆ ▲ ▲ ● ▲ ◆,0
B01_train_1852,● ■ ▲ ● ● ▲ ▲ ▲,0
B01_train_1853,▲ ■ ▲ ● ● ◆ ◆ ■,1
B01_train_1854,◆ ▲ ▲ ◆ ● ● ■ ■,1
B01_train_1855,■ ■ ▲ ▲ ◆ ▲ ◆ ■,0
B01_train_1856,▲ ● ■ ▲ ◆ ● ◆ ▲,0
B01_train_1857,◆ ◆ ◆ ◆ ▲ ● ■ ●,0
B01_train_1858,▲ ● ■ ■ ◆ ◆ ◆ ▲,1
B01_train_1859,◆ ● ◆ ● ◆ ■ ● ◆,0
B01_train_1860,▲ ◆ ▲ ● ▲ ■ ◆ ◆,0
B01_train_1861,▲ ▲ ◆ ■ ▲ ▲ ■ ▲,0
B01_train_1862,◆ ● ▲ ■ ◆ ■ ◆ ■,0
B01_train_1863,■ ◆ ▲ ▲ ● ■ ■ ●,1
B01_train_1864,▲ ▲ ● ● ● ■ ● ●,1
B01_train_1865,▲ ◆ ● ● ▲ ▲ ■ ◆,0
B01_train_1866,◆ ◆ ■ ■ ● ■ ◆ ■,0
B01_train_1867,▲ ◆ ▲ ◆ ◆ ■ ● ■,1
B01_train_1868,■ ■ ◆ ■ ▲ ◆ ▲ ■,1
B01_train_1869,◆ ■ ● ● ● ▲ ● ●,0
B01_train_1870,▲ ■ ■ ▲ ■ ◆ ▲ ▲,0
B01_train_1871,■ ■ ■ ■ ● ● ● ●,0
B01_train_1872,● ▲ ■ ● ■ ▲ ■ ■,1
B01_train_1873,▲ ● ■ ◆ ▲ ● ● ▲,0
B01_train_1874,■ ■ ● ▲ ◆ ◆ ● ▲,1
B01_train_1875,● ● ■ ▲ ● ▲ ■ ◆,1
B01_train_1876,● ■ ■ ■ ● ◆ ◆ ●,0
B01_train_1877,▲ ■ ● ■ ▲ ● ◆ ▲,0
B01_train_1878,● ▲ ● ■ ▲ ● ◆ ■,1
B01_train_1879,▲ ■ ● ● ▲ ● ■ ■,1
B01_train_1880,■ ■ ◆ ● ■ ● ▲ ◆,0
B01_train_1881,● ● ▲ ◆ ◆ ● ▲ ◆,1
B01_train_1882,● ◆ ▲ ● ■ ● ● ●,0
B01_train_1883,▲ ▲ ■ ● ● ● ■ ◆,1
B01_train_1884,● ● ▲ ◆ ■ ■ ● ◆,0
B01_train_1885,■ ● ● ● ▲ ● ▲ ●,1
B01_train_1886,◆ ◆ ◆ ◆ ◆ ● ■ ▲,0
B01_train_1887,▲ ◆ ■ ▲ ● ● ■ ●,1
B01_train_1888,● ■ ■ ● ● ◆ ◆ ●,0
B01_train_1889,■ ● ◆ ◆ ▲ ▲ ◆ ●,1
B01_train_1890,◆ ▲ ▲ ● ● ◆ ◆ ●,1
B01_train_1891,● ■ ▲ ● ◆ ■ ▲ ◆,1
B01_train_1892,◆ ◆ ■ ■ ▲ ▲ ● ◆,1
B01_train_1893,▲ ■ ▲ ● ● ● ■ ◆,1
B01_train_1894,▲ ◆ ■ ◆ ■ ■ ▲ ▲,0
B01_train_1895,▲ ◆ ■ ▲ ◆ ● ● ■,1
B01_train_1896,■ ▲ ◆ ▲ ◆ ◆ ● ●,1
B01_train_1897,■ ◆ ◆ ▲ ◆ ▲ ◆ ■,1
B01_train_1898,◆ ● ▲ ◆ ◆ ■ ◆ ▲,1
B01_train_1899,▲ ■ ◆ ● ● ◆ ■ ▲,1
B01_train_1900,● ▲ ◆ ● ◆ ▲ ◆ ■,1
B01_train_1901,■ ● ■ ▲ ■ ● ● ▲,1
B01_train_1902,■ ■ ◆ ◆ ▲ ● ▲ ●,1
B01_train_1903,■ ▲ ▲ ▲ ■ ● ▲ ▲,0
B01_train_1904,● ▲ ◆ ■ ● ● ◆ ▲,1
B01_train_1905,◆ ■ ■ ● ◆ ● ● ▲,0
B01_train_1906,● ■ ■ ● ◆ ◆ ■ ▲,0
B01_train_1907,■ ▲ ◆ ▲ ■ ■ ◆ ●,1
B01_train_1908,▲ ● ◆ ▲ ■ ● ◆ ●,1
B01_train_1909,■ ◆ ▲ ▲ ▲ ● ◆ ◆,0
B01_train_1910,● ◆ ■ ■ ◆ ▲ ■ ▲,1
B01_train_1911,◆ ■ ▲ ◆ ■ ◆ ◆ ▲,1
B01_train_1912,● ▲ ◆ ▲ ■ ▲ ▲ ◆,0
B01_train_1913,▲ ● ◆ ▲ ● ◆ ◆ ▲,0
B01_train_1914,■ ● ■ ■ ● ◆ ◆ ■,0
B01_train_1915,■ ● ▲ ▲ ▲ ■ ▲ ●,0
B01_train_1916,■ ● ◆ ● ◆ ● ▲ ●,0
B01_train_1917,◆ ● ◆ ◆ ● ◆ ▲ ■,0
B01_train_1918,▲ ■ ▲ ◆ ▲ ▲ ▲ ●,0
B01_train_1919,● ▲ ■ ▲ ● ◆ ◆ ■,1
B01_train_1920,◆ ▲ ▲ ● ◆ ■ ◆ ◆,1
B01_train_1921,■ ▲ ■ ■ ▲ ■ ● ▲,0
B01_train_1922,● ■ ▲ ◆ ◆ ▲ ■ ■,1
B01_train_1923,● ◆ ■ ▲ ▲ ■ ◆ ▲,0
B01_train_1924,◆ ◆ ▲ ◆ ■ ◆ ▲ ■,1
B01_train_1925,● ● ◆ ■ ■ ● ▲ ■,0
B01_train_1926,◆ ● ▲ ■ ◆ ◆ ▲ ●,1
B01_train_1927,▲ ◆ ◆ ▲ ■ ● ■ ▲,0
B01_train_1928,● ● ◆ ● ● ▲ ● ▲,1
B01_train_1929,▲ ■ ◆ ▲ ▲ ◆ ◆ ■,0
B01_train_1930,● ● ◆ ▲ ■ ▲ ■ ●,1
B01_train_1931,◆ ● ▲ ■ ● ● ■ ■,0
B01_train_1932,■ ● ● ▲ ▲ ■ ◆ ▲,0
B01_train_1933,▲ ● ● ● ● ■ ▲ ●,1
B01_train_1934,● ● ■ ▲ ● ■ ▲ ■,1
B01_train_1935,● ● ▲ ■ ● ◆ ◆ ▲,1
B01_train_1936,▲ ◆ ▲ ● ▲ ▲ ■ ▲,0
B01_train_1937,● ◆ ▲ ■ ◆ ■ ■ ▲,1
B01_train_1938,▲ ◆ ● ◆ ■ ● ● ●,0
B01_train_1939,■ ▲ ■ ▲ ▲ ▲ ■ ◆,0
B01_train_1940,◆ ■ ▲ ▲ ◆ ● ● ●,1
B01_train_1941,■ ● ▲ ◆ ▲ ◆ ◆ ●,1
B01_train_1942,▲ ● ■ ▲ ◆ ■ ◆ ▲,0
B01_train_1943,▲ ■ ■ ● ▲ ● ● ◆,1
B01_train_1944,◆ ▲ ◆ ◆ ▲ ▲ ◆ ▲,0
B01_train_1945,● ● ▲ ■ ▲ ▲ ■ ◆,0
B01_train_1946,◆ ● ■ ▲ ● ◆ ■ ●,0
B01_train_1947,■ ◆ ▲ ■ ● ■ ◆ ●,0
B01_train_1948,▲ ■ ■ ■ ▲ ◆ ■ ●,1
B01_train_1949,● ◆ ▲ ■ ● ▲ ◆ ▲,0
B01_train_1950,■ ● ● ● ● ◆ ■ ◆,0
B01_train_1951,■ ▲ ▲ ● ◆ ● ◆ ▲,0
B01_train_1952,◆ ● ▲ ◆ ▲ ● ● ▲,0
B01_train_1953,▲ ▲ ● ◆ ◆ ■ ■ ■,1
B01_train_1954,■ ● ■ ▲ ● ▲ ● ●,1
B01_train_1955,◆ ◆ ● ▲ ◆ ▲ ◆ ◆,1
B01_train_1956,■ ■ ● ▲ ◆ ▲ ■ ▲,0
B01_train_1957,▲ ▲ ▲ ● ● ■ ◆ ▲,0
B01_train_1958,◆ ■ ■ ● ▲ ● ● ▲,1
B01_train_1959,● ■ ■ ● ■ ● ▲ ■,0
B01_train_1960,■ ● ▲ ■ ◆ ◆ ▲ ◆,1
B01_train_1961,◆ ▲ ◆ ● ▲ ▲ ◆ ●,0
B01_train_1962,● ● ▲ ● ● ■ ■ ◆,0
B01_train_1963,● ● ▲ ● ■ ● ● ▲,1
B01_train_1964,▲ ▲ ■ ● ■ ■ ● ■,1
B01_train_1965,● ▲ ■ ▲ ● ◆ ● ●,1
B01_train_1966,■ ▲ ● ◆ ■ ■ ◆ ◆,0
B01_train_1967,■ ◆ ● ◆ ◆ ◆ ◆ ●,0
B01_train_1968,■ ■ ▲ ● ● ▲ ◆ ◆,1
B01_train_1969,◆ ● ◆ ● ■ ▲ ▲ ▲,0
B01_train_1970,■ ■ ● ● ◆ ▲ ● ◆,0
B01_train_1971,● ■ ◆ ▲ ◆ ▲ ● ■,1
B01_train_1972,■ ■ ● ■ ■ ▲ ▲ ●,1
B01_train_1973,▲ ● ◆ ◆ ◆ ● ● ■,0
B01_train_1974,▲ ▲ ■ ◆ ◆ ▲ ▲ ■,0
B01_train_1975,■ ■ ● ■ ■ ▲ ● ●,0
B01_train_1976,◆ ● ● ◆ ● ◆ ● ◆,0
B01_train_1977,◆ ● ■ ▲ ◆ ◆ ◆ ▲,1
B01_train_1978,◆ ▲ ■ ▲ ● ■ ■ ●,1
B01_train_1979,● ◆ ● ■ ■ ■ ■ ◆,0
B01_train_1980,▲ ● ▲ ■ ■ ◆ ● ●,1
B01_train_1981,◆ ▲ ● ▲ ■ ● ■ ◆,1
B01_train_1982,◆ ■ ● ◆ ■ ● ● ▲,0
B01_train_1983,▲ ▲ ■ ■ ● ◆ ■ ●,1
B01_train_1984,■ ▲ ■ ■ ■ ● ▲ ■,1
B01_train_1985,▲ ■ ◆ ▲ ● ◆ ◆ ●,1
B01_train_1986,◆ ■ ■ ● ■ ■ ■ ◆,0
B01_train_1987,◆ ◆ ▲ ▲ ■ ▲ ● ▲,0
B01_train_1988,● ▲ ■ ▲ ● ■ ▲ ●,0
B01_train_1989,■ ● ■ ◆ ■ ▲ ● ▲,1
B01_train_1990,◆ ● ● ◆ ■ ■ ● ◆,0
B01_train_1991,▲ ● ▲ ● ▲ ■ ▲ ▲,0
B01_train_1992,◆ ● ■ ■ ◆ ● ▲ ■,0
B01_train_1993,▲ ■ ● ◆ ▲ ■ ■ ◆,1
B01_train_1994,● ◆ ◆ ■ ◆ ● ◆ ▲,0
B01_train_1995,▲ ● ● ● ◆ ■ ▲ ◆,1
B01_train_1996,▲ ◆ ◆ ▲ ● ■ ■ ■,1
B01_train_1997,◆ ■ ■ ▲ ■ ◆ ● ■,0
B01_train_1998,◆ ▲ ◆ ◆ ▲ ■ ● ◆,1
B01_train_1999,◆ ▲ ▲ ■ ■ ◆ ● ▲,0
